genus,n_hyb,n_neo,nspp_in_genera
Abelmoschus,1,5,11
Abies,1,14,48
Abolboda,1,NA,21
Abronia,2,NA,20
Acacia,5,80,1080
Acaena,1,5,57
Acalypha,3,19,431
Acantholimon,1,NA,313
Acer,9,26,152
Achillea,49,22,134
Aconitum,23,8,314
Actaea,1,3,31
Adenandra,1,NA,18
Adenanthos,2,NA,34
Adenocarpus,1,1,17
Adenophora,1,3,62
Adenostyles,2,NA,6
Adiantum,7,9,234
Adonis,1,5,33
Aegilops,1,7,23
Aeonium,47,7,43
Aerangis,3,NA,58
Aerides,1,NA,29
Aesculus,5,6,12
Agave,5,18,278
Agrimonia,2,7,22
Agropyron,1,6,12
Agrostis,16,17,205
Aichryson,5,1,16
Ajuga,6,6,64
Akebia,1,1,5
Aletris,1,NA,24
Alisma,3,3,9
Alkanna,1,NA,65
Allium,1,39,987
Alnus,8,11,41
Alocasia,1,5,88
Aloe,13,13,578
Alopecurus,6,11,40
Alpinia,2,9,244
Alsophila,4,NA,296
Althaea,1,6,9
Amaranthus,10,36,92
Ambrosia,3,12,45
Amelanchier,3,6,23
Amorpha,1,2,15
Anacamptis,39,NA,11
Anacyclus,3,3,9
Anarrhinum,1,1,9
Anchusa,2,11,38
Andropogon,6,8,113
Androsace,6,4,164
Andryala,5,1,20
Anemia,9,NA,132
Anemone,3,17,65
Anemonoides,3,NA,35
Angelica,1,7,104
Angophora,2,1,14
Anguloa,4,NA,9
Anisodontea,1,1,19
Anisomeles,1,3,27
Anthemis,1,6,158
Anthericum,1,1,8
Anthoxanthum,1,5,52
Anthurium,1,3,1088
Anthyllis,2,4,22
Antidesma,1,2,101
Antirrhinum,5,3,21
Apocynum,1,1,4
Aquilegia,3,6,131
Arabis,1,8,98
Arachniodes,15,2,68
Arachnis,1,NA,16
Aragoa,4,NA,19
Arbutus,2,2,12
Arctium,8,3,44
Arctostaphylos,7,NA,72
Ardisia,1,6,722
Arenaria,1,5,179
Argemone,1,7,33
Argyroderma,1,NA,11
Argyroxiphium,1,NA,5
Aria,2,NA,54
Ariocarpus,1,NA,7
Arisarum,1,2,3
Aristolochia,3,16,527
Aristotelia,1,1,5
Armeria,5,3,98
Aronia,1,2,2
Artemisia,2,50,476
Arum,1,4,25
Asclepias,3,10,206
Asimina,7,1,9
Asperula,2,4,192
Asplenium,111,6,719
Aster,1,10,176
Astilbe,2,2,28
Athrotaxis,1,NA,2
Athyrium,61,2,197
Atriplex,7,47,244
Atropa,1,1,5
Attalea,4,NA,66
Aubrieta,1,2,20
Babiana,1,4,93
Baccharis,31,5,420
Bactris,1,1,79
Balsamorhiza,3,NA,11
Baptisia,7,6,16
Barbacenia,1,NA,113
Barbarea,3,5,28
Begonia,8,21,1892
Berberis,5,18,607
Betula,26,8,59
Bidens,1,27,224
Billbergia,1,1,63
Bistorta,1,NA,42
Blechnum,6,6,236
Bletia,3,NA,34
Blitum,1,3,10
Boechera,1,1,109
Boehmeria,3,5,53
Bolbitis,5,NA,68
Bornmuellera,1,NA,9
Botrychium,7,NA,58
Brachychiton,7,2,33
Brachyglottis,5,3,31
Brachypodium,4,4,18
Brachystegia,1,NA,31
Bromus,15,44,153
Brongniartia,2,NA,61
Broughtonia,2,NA,6
Broussonetia,1,1,4
Brugmansia,2,5,7
Bruguiera,3,2,5
Buddleja,3,16,113
Bulbophyllum,3,NA,2094
Bupleurum,1,10,209
Byrsonima,2,NA,159
Bystropogon,3,NA,7
Caladenia,20,NA,303
Calamagrostis,32,5,254
Calanthe,7,NA,216
Calceolaria,1,4,268
Calliandra,1,4,149
Callicarpa,2,4,155
Calligonum,8,NA,41
Callitriche,2,11,59
Calochortus,1,NA,76
Caltha,1,1,16
Calystegia,6,9,26
Camellia,1,3,194
Campanula,10,34,449
Cantinoa,1,NA,25
Capsella,1,4,8
Cardamine,16,18,263
Carduus,29,9,92
Carex,238,114,1997
Carlina,3,4,29
Carpinus,1,2,42
Carthamus,2,7,45
Carya,9,6,18
Cassia,1,11,38
Cassinia,2,1,50
Cassiope,1,NA,18
Castanea,1,5,8
Castilleja,2,5,212
Catasetum,28,NA,190
Cattleya,95,NA,130
Ceanothus,12,1,60
Celmisia,8,NA,75
Cenchrus,2,27,107
Centaurea,36,44,739
Centaurium,4,7,25
Cephalanthera,6,NA,20
Cerastium,7,24,207
Chamaecrista,2,13,349
Chenopodium,28,46,130
Chiloglottis,1,NA,26
Chloraea,1,NA,52
Chloris,1,16,53
Chrysanthemum,3,4,37
Cibotium,1,NA,11
Cicerbita,1,NA,39
Cinchona,1,3,24
Cinnamomum,1,4,251
Circaea,8,1,7
Cirsium,37,28,455
Cissus,1,9,291
Cistus,33,10,35
Citharexylum,2,4,101
Citrus,4,10,27
Cladocolea,1,NA,30
Cleome,1,18,200
Clermontia,2,NA,22
Clethra,1,3,79
Cliffortia,1,NA,128
Clinopodium,6,11,165
Clivia,1,2,6
Cloezia,1,NA,5
Clutia,1,1,53
Coccoloba,3,1,177
Coccothrinax,1,1,56
Cochlearia,1,5,15
Codia,1,NA,15
Coffea,1,5,124
Colutea,1,3,28
Combretum,1,3,274
Comparettia,1,NA,79
Congea,1,2,11
Conophytum,2,NA,105
Convolvulus,8,7,202
Copernicia,7,1,22
Copiapoa,1,NA,37
Coprosma,8,3,112
Cordyline,2,4,24
Coriaria,2,1,15
Corispermum,3,11,69
Cornus,5,9,50
Corokia,1,NA,6
Correa,2,1,11
Corybas,2,NA,148
Corydalis,5,10,527
Corylus,1,4,16
Corymbia,3,6,91
Cota,1,3,36
Cotoneaster,3,90,234
Cousinia,10,NA,661
Crambe,1,4,35
Crassula,3,31,205
Crataegus,54,31,264
Crepidiastrum,3,NA,18
Crinum,1,6,113
Crocosmia,1,4,8
Crocus,4,20,247
Cruciata,1,3,8
Cryptocoryne,11,3,67
Cucurbita,1,6,18
Cunonia,3,NA,23
Cyathea,4,1,309
Cycas,2,2,119
Cyclamen,1,4,20
Cylindropuntia,11,8,39
Cymbidium,16,3,78
Cynara,2,3,10
Cynodon,1,7,14
Cynoglossum,3,10,74
Cynorkis,2,NA,185
Cyperus,5,108,941
Cypripedium,8,NA,52
Cyrtandra,39,NA,701
Cyrtochilum,1,NA,187
Cyrtopodium,1,1,48
Cystopteris,5,2,19
Cytisus,4,12,29
Dacrydium,1,NA,21
Dactylorhiza,107,1,43
Damnacanthus,1,NA,12
Danthonia,1,4,26
Daphne,9,3,91
Delphinium,6,3,513
Dendrobium,20,4,1556
Dendrophthoe,1,NA,40
Deparia,6,2,78
Desmodium,1,34,187
Deutzia,1,4,70
Dialypetalum,1,NA,5
Dianthus,18,17,341
Dichelostemma,1,1,4
Dichoropetalum,1,NA,34
Dicranopteris,1,2,18
Digitalis,6,5,27
Dioscorea,1,11,629
Diospyros,1,10,736
Dipcadi,1,NA,42
Diplacus,2,NA,49
Diplazium,12,2,459
Diplotaxis,2,6,37
Dipsacus,1,4,21
Disa,4,1,185
Discaria,1,NA,6
Disporum,1,NA,23
Diuris,5,NA,98
Dombeya,1,1,203
Domingoa,1,NA,4
Doronicum,7,6,29
Draba,36,10,425
Dracophyllum,8,NA,53
Dracula,3,NA,138
Drosera,15,8,247
Dryas,3,NA,11
Drymocallis,2,NA,25
Drynaria,1,NA,33
Dryopteris,83,5,347
Duabanga,1,NA,2
Dubautia,3,NA,26
Dudleya,1,NA,46
Duranta,4,1,20
Dysphania,2,11,43
Echeveria,1,4,193
Echinocereus,3,NA,70
Echinopsis,1,5,71
Echium,3,15,68
Edraianthus,3,NA,22
Elaeagnus,3,7,92
Elaphoglossum,5,NA,739
Elatostema,1,NA,637
Eleocharis,7,25,295
Elymus,19,30,177
Emilia,1,4,117
Encyclia,23,1,168
Endiandra,1,1,126
Ephedra,2,4,71
Epidendrum,9,2,1662
Epilobium,77,25,186
Epimedium,3,2,64
Epipactis,28,3,65
Equisetum,26,8,18
Eragrostis,1,54,406
Eremurus,6,1,59
Erepsia,1,1,31
Erica,8,23,840
Ericameria,3,2,37
Erigeron,4,27,457
Eriobotrya,1,1,28
Eriocaulon,1,7,479
Eriochrysis,1,1,10
Eriocoma,1,NA,26
Eriogonum,3,3,253
Eriophorum,7,1,14
Eriosema,3,NA,163
Erodium,4,19,122
Eryngium,8,14,247
Erysimum,2,15,274
Erythranthe,3,NA,121
Erythrina,4,15,123
Erythroxylum,1,2,262
Escallonia,8,3,40
Espeletia,17,NA,74
Eucalyptus,76,71,755
Eucryphia,2,NA,7
Eulophia,2,3,203
Eupatorium,1,10,61
Euphorbia,42,104,1991
Euphrasia,29,5,225
Eurybia,1,3,27
Exochorda,1,1,1
Fagus,1,1,11
Fallopia,1,6,12
Festuca,21,33,636
Ficinia,1,NA,81
Filago,1,7,52
Filipendula,2,5,13
Fimbristylis,2,19,320
Forsteronia,1,NA,43
Forsythia,1,3,11
Fragaria,5,6,22
Frangula,1,3,56
Fraxinus,5,18,58
Fritillaria,2,5,151
Fuchsia,3,9,108
Fumana,1,NA,18
Fumaria,4,18,53
Gaertnera,1,NA,89
Gagea,8,5,212
Galactites,1,1,3
Galanthus,4,8,22
Galatella,4,3,32
Galeopsis,6,7,10
Galium,28,34,634
Garcinia,1,5,403
Gastrodia,1,1,92
Gaultheria,4,3,152
Genista,10,13,141
Gentiana,15,10,329
Gentianella,4,NA,302
Geum,10,7,52
Gladiolus,3,17,285
Glechoma,1,2,7
Gleditsia,1,3,12
Gleichenia,1,NA,16
Globba,1,2,103
Globularia,3,1,29
Glyceria,6,10,40
Gomesa,8,NA,125
Goodyera,1,1,99
Grevillea,1,8,374
Guarianthe,1,NA,4
Gunnera,1,3,63
Guzmania,2,2,210
Gymnadenia,22,1,28
Gymnocalycium,1,NA,64
Gymnocarpium,4,NA,9
Gypsophila,2,13,149
Haageocereus,1,NA,8
Haworthiopsis,2,NA,18
Hedera,1,5,18
Hedychium,1,4,100
Hedysarum,3,1,224
Helianthemum,29,1,111
Helianthus,11,26,54
Helichrysum,2,9,556
Heliconia,5,6,197
Helictochloa,1,NA,23
Helictotrichon,1,4,34
Helleborus,2,6,15
Helosciadium,1,NA,5
Hemerocallis,2,5,16
Hemionitis,1,3,451
Hemipilia,1,NA,12
Hepatica,1,1,7
Heracleum,2,4,87
Herniaria,2,5,52
Heterocaryum,1,1,2
Heuchera,1,1,43
Hibiscadelphus,1,NA,8
Hibiscus,2,27,423
Hieracium,32,55,2982
Himantoglossum,1,NA,10
Hippophae,1,NA,7
Hoheria,1,1,6
Holcus,1,4,12
Hordeum,3,19,36
Hosta,2,2,20
Hoya,1,1,536
Huernia,1,NA,77
Huperzia,8,NA,350
Hyacinthoides,1,6,12
Hydrangea,2,7,78
Hydrocotyle,1,14,173
Hylotelephium,1,3,26
Hymenophyllum,2,NA,320
Hypericum,14,48,505
Hypolepis,2,2,73
Ilex,5,8,569
Impatiens,3,9,1069
Inga,1,12,272
Inula,1,8,82
Ipomoea,1,55,646
Iris,18,31,306
Isabelia,1,NA,3
Ismene,1,1,11
Isodon,5,NA,105
Isoetes,19,1,192
Ixeris,2,1,18
Jacobaea,7,6,66
Jasminum,1,17,197
Jatropha,2,8,173
Juglans,2,9,22
Juncus,22,69,331
Juniperus,5,14,68
Kalanchoe,8,19,155
Kickxia,1,7,26
Klasea,1,1,55
Knautia,11,3,54
Kniphofia,2,2,71
Koeleria,2,3,52
Koenigia,1,NA,34
Kohleria,1,NA,22
Kunzea,2,3,62
Laburnum,1,2,2
Lachnagrostis,2,NA,38
Laelia,4,1,23
Lamium,2,10,29
Landolphia,1,NA,63
Lantana,14,12,112
Larix,1,6,10
Lasiopetalum,1,NA,45
Lathyrus,1,33,184
Lavandula,10,6,41
Leontodon,3,4,41
Lepanthes,2,NA,1137
Leptochilus,2,NA,33
Leptopteris,1,NA,7
Lespedeza,16,13,43
Leucaena,2,6,23
Leucanthemum,6,4,48
Lewisia,1,NA,16
Leymus,8,12,55
Liatris,9,8,39
Ligularia,1,4,157
Lilium,2,11,117
Limnophila,1,5,48
Limonium,14,13,610
Linaria,10,20,189
Lindsaea,1,1,181
Liparis,1,NA,436
Lipochaeta,1,NA,6
Lobelia,3,17,439
Lolium,10,6,27
Lomariopsis,1,NA,52
Lonicera,4,29,156
Lophomyrtus,1,NA,2
Lotus,4,24,125
Ludwigia,2,23,85
Luehea,1,1,18
Lumnitzera,1,1,2
Lupinus,5,19,612
Luzula,20,8,123
Lycaste,13,NA,36
Lycium,2,6,103
Lycopodiella,4,3,40
Lycopodium,5,NA,50
Lycopus,2,3,19
Lycoris,3,2,20
Lygodium,2,3,29
Lysimachia,4,18,260
Machaerium,1,1,127
Macrocarpaea,2,NA,119
Macrothelypteris,1,1,11
Magnolia,7,12,321
Maianthemum,1,2,39
Malcolmia,1,4,11
Malus,7,15,32
Malva,10,18,53
Mammillaria,1,NA,164
Mantisalca,1,1,6
Marrubium,3,2,51
Masdevallia,8,NA,644
Maxillaria,3,NA,647
Medicago,6,34,89
Melaleuca,3,21,381
Melampyrum,4,2,38
Melastoma,1,2,103
Melica,5,5,90
Melicope,1,1,242
Melicytus,1,NA,19
Melilotus,2,16,23
Melocactus,2,NA,38
Mentha,15,14,24
Mercurialis,2,2,10
Metrosideros,1,2,58
Mickelia,1,NA,10
Microlepia,5,2,49
Microloma,1,1,11
Micromeria,16,1,69
Miltonia,8,NA,12
Minuartiella,1,NA,5
Mirabilis,2,7,55
Miscanthus,1,4,15
Mitella,1,NA,22
Moehringia,2,1,29
Moltkia,1,NA,6
Monanthes,3,NA,18
Monarda,1,10,22
Monardella,1,NA,36
Monotrema,1,NA,4
Mormodes,1,NA,84
Mosiera,1,NA,32
Muhlenbergia,1,19,176
Musa,3,9,83
Myosotis,10,18,150
Myrceugenia,2,NA,46
Myrmecophila,3,1,9
Narcissus,75,20,72
Nasturtium,1,3,4
Navarretia,1,2,45
Neotinea,3,NA,6
Neottia,1,1,72
Nepenthes,8,NA,168
Nepeta,3,8,256
Nephrolepis,5,10,29
Nerine,1,4,25
Noccaea,1,NA,128
Nonea,1,8,45
Nothofagus,4,2,38
Nothoscordum,1,2,89
Nuphar,4,4,13
Nymphaea,5,10,60
Nymphoides,1,5,56
Oberonia,1,NA,278
Ocimum,1,4,66
Oclemena,1,NA,3
Odontites,1,NA,37
Oenocarpus,1,NA,9
Oenothera,7,46,155
Olearia,1,5,190
Omalotheca,1,NA,8
Oncidium,31,1,336
Onobrychis,2,3,201
Ononis,1,6,88
Onopordum,8,6,60
Onosma,1,NA,250
Onychium,1,1,12
Ophioglossum,3,1,53
Ophrys,148,NA,29
Opuntia,16,35,129
Orchis,55,NA,22
Origanum,16,5,43
Ornithogalum,3,10,207
Ornithopus,1,4,6
Osmolindsaea,1,NA,4
Osmunda,1,1,15
Ouratea,1,NA,295
Owenia,1,NA,5
Oxybasis,1,NA,13
Oxytropis,4,2,609
Packera,1,2,75
Paeonia,8,3,35
Palmeria,1,NA,14
Paloue,1,NA,16
Pancheria,2,NA,25
Panicum,1,37,270
Papaver,11,20,231
Paphiopedilum,37,1,109
Parasenecio,4,NA,69
Parkinsonia,2,2,11
Parodia,1,2,63
Parsonsia,1,NA,85
Passiflora,2,37,570
Paulownia,1,1,6
Pectis,1,4,93
Pedicularis,24,2,675
Pelargonium,1,17,283
Penstemon,7,16,278
Pentanema,1,1,34
Peperomia,2,3,1376
Pericallis,1,1,15
Persicaria,11,40,132
Persoonia,3,NA,101
Pertya,2,NA,27
Pescatoria,3,NA,21
Petasites,2,8,19
Petrocosmea,1,NA,51
Petrosedum,10,NA,14
Phagnalon,2,NA,36
Phalaenopsis,9,NA,75
Phalaris,1,11,17
Phaseolus,1,4,88
Phedimus,1,NA,15
Phleum,2,7,15
Phlomis,23,2,93
Phlox,2,12,69
Photinia,1,6,38
Phragmipedium,7,NA,24
Phthirusa,1,NA,20
Phyla,1,4,5
Phyllanthus,3,23,1018
Phyllodoce,2,NA,7
Phyllostegia,1,NA,34
Physalis,1,28,95
Phyteuma,5,4,22
Picea,4,10,37
Pilosella,24,13,245
Pilosocereus,2,NA,55
Pimelea,1,1,146
Pimpinella,2,6,155
Pinguicula,4,1,115
Pinus,16,47,118
Pistacia,1,3,11
Pithecellobium,1,2,23
Pittosporum,3,8,223
Pityrogramma,3,3,25
Plagiogyria,3,NA,12
Plantago,2,42,242
Platanthera,16,NA,141
Platycerium,1,1,17
Pleione,8,NA,24
Pleiospilos,1,NA,4
Pleopeltis,8,1,95
Plumeria,1,4,19
Poa,27,27,568
Podocarpus,1,3,115
Polemonium,2,3,37
Pollia,2,NA,19
Polygala,4,12,661
Polygonatum,8,4,71
Polygonum,2,29,158
Polypodium,8,3,59
Polypogon,1,8,22
Polystachya,1,1,241
Polystichopsis,1,NA,12
Polystichum,59,7,394
Populus,29,14,56
Potamogeton,74,12,88
Potentilla,48,45,490
Primula,42,12,516
Proserpinaca,1,1,2
Prosopis,1,12,56
Prosthechea,2,NA,124
Prunella,5,3,8
Prunus,47,45,345
Pseudolaelia,1,NA,16
Pseudostellaria,2,NA,24
Psidium,1,4,91
Psilotum,1,1,2
Psychilis,2,NA,15
Psylliostachys,3,NA,6
Pteris,5,11,328
Pterostylis,6,NA,275
Ptilostemon,4,3,15
Puccinellia,6,14,109
Pulmonaria,8,7,18
Pulsatilla,11,NA,43
Puya,1,NA,229
Pyrola,1,NA,41
Pyrrosia,1,1,66
Pyrus,3,8,75
Quelchia,1,NA,4
Quercus,187,26,462
Ranunculus,38,49,1662
Raoulia,1,NA,14
Raukaua,2,NA,6
Rauvolfia,1,4,74
Reichardia,3,2,10
Reseda,1,7,67
Reynoutria,1,4,6
Rhamnus,6,8,137
Rheum,1,3,54
Rhinanthus,12,4,35
Rhizophora,5,2,6
Rhodanthemum,1,NA,15
Rhododendron,69,18,1069
Rhus,2,7,53
Rhynchospora,1,9,364
Rhynchostele,2,NA,17
Ribes,3,13,193
Rinorea,1,NA,216
Robinia,3,6,4
Rodriguezia,1,NA,47
Romulea,6,8,113
Rondeletia,2,NA,155
Rorippa,15,17,85
Rosa,106,44,281
Rosularia,3,NA,21
Rubus,65,94,1546
Rumex,105,59,195
Ruscus,1,3,6
Sabal,1,1,16
Saccharum,1,7,28
Sagina,4,12,36
Sagittaria,1,12,39
Salacia,1,NA,209
Salicornia,1,4,52
Salix,212,36,468
Salsola,1,9,65
Salvia,28,47,1015
Sambucus,1,7,22
Sanguisorba,4,9,34
Sarracenia,30,4,11
Satureja,4,2,42
Satyrium,2,NA,90
Saussurea,4,2,500
Saxifraga,90,13,470
Scabiosa,2,4,62
Scaevola,1,1,116
Schizaea,1,1,19
Schizogyne,1,NA,2
Schoenoplectiella,8,8,51
Schoenoplectus,7,5,27
Schoenus,1,1,149
Scirpus,2,8,47
Scleranthus,2,3,13
Sclerolaena,1,3,78
Scolymus,1,3,3
Scorzoneroides,3,5,22
Scrophularia,3,9,287
Scutellaria,5,12,471
Sedum,8,42,457
Selaginella,2,12,722
Sempervivum,15,6,51
Senecio,22,49,1430
Senegalia,3,2,222
Senna,1,37,284
Serapias,38,2,16
Seringia,1,NA,17
Serpocaulon,4,NA,44
Seseli,1,7,145
Sesleria,1,2,30
Sideritis,45,3,142
Silene,7,47,889
Sobralia,1,1,167
Solanum,4,107,1229
Soldanella,11,1,16
Solidago,10,16,123
Sonchus,7,13,97
Sonneratia,3,1,6
Sorbus,2,16,152
Sorghum,1,7,27
Sparganium,4,5,21
Spartina,1,NA,NA
Spathoglottis,1,1,41
Spergularia,1,11,62
Sphagneticola,1,2,4
Sphenopholis,1,3,6
Spinifex,1,1,4
Spiraea,8,17,98
Spiranthes,9,1,39
Sporobolus,2,45,222
Stachys,8,23,361
Stachytarpheta,7,6,119
Stanhopea,6,NA,76
Stapelia,1,1,31
Stellaria,5,15,179
Stenotis,1,NA,7
Sticherus,3,NA,87
Stipa,25,24,168
Streptopus,1,NA,10
Stuckenia,3,1,7
Suaeda,1,8,92
Suberanthus,2,NA,7
Succisoknautia,1,NA,NA
Sudamerlycaste,3,NA,42
Swietenia,1,2,3
Syagrus,11,1,67
Symphyotrichum,11,21,92
Symphytum,6,9,27
Syzygium,1,12,1193
Tabebuia,2,4,74
Tacinga,1,NA,8
Tamarix,1,11,72
Taraxacum,1,52,2366
Tectaria,5,2,262
Tephroseris,1,NA,45
Tephrosia,2,14,357
Terminalia,1,10,282
Tetradymia,1,NA,10
Tetramicra,1,NA,10
Tetratheca,1,NA,52
Teucrium,47,10,287
Thalictrum,5,7,212
Thelocactus,1,NA,13
Thelymitra,5,NA,121
Thelypteris,22,5,1100
Thinopyrum,1,NA,15
Thymelaea,1,1,33
Thymus,101,8,260
Tilia,5,7,32
Tillandsia,13,10,632
Tofieldia,1,NA,12
Tolpis,1,3,22
Tolumnia,4,NA,27
Toxicodendron,1,3,28
Trachelium,1,1,2
Trachycnemum,1,NA,NA
Tradescantia,1,13,83
Tragopogon,2,17,124
Trichocentrum,12,1,91
Trichomanes,2,1,276
Trichopilia,1,NA,45
Tridens,1,4,13
Trifolium,7,71,286
Trigonella,2,8,105
Trillium,5,6,46
Triosteum,1,NA,6
Triteleia,1,1,16
Triticum,1,5,5
Trochetiopsis,1,NA,3
Trollius,1,1,37
Tropaeolum,3,5,94
Tsuga,1,4,10
Tuberaria,1,1,13
Tulipa,1,7,86
Turbinicarpus,3,NA,15
Tylecodon,1,NA,49
Typha,9,6,40
Ulex,3,3,15
Ulmus,5,8,38
Urceolina,1,1,25
Urtica,1,9,71
Vaccinium,8,3,445
Vachellia,5,4,157
Valeriana,5,10,421
Vanda,5,1,81
Vasconcellea,1,1,21
Veratrum,1,1,29
Verbascum,295,18,454
Verbena,15,28,150
Vernonia,3,8,348
Veronica,32,51,459
Verticordia,1,NA,101
Vicia,3,41,244
Vincetoxicum,2,4,248
Viola,112,32,658
Viscaria,1,NA,3
Vitis,3,8,77
Vriesea,3,1,253
Wallisia,1,NA,4
Watsonia,1,9,53
Weigela,1,2,10
Wikstroemia,1,2,90
Woodsia,5,NA,54
Woodwardia,2,1,15
Wyethia,1,NA,10
Xanthostemon,1,NA,48
Yucca,1,5,50
Zamia,1,1,79
Zoysia,2,4,8
Abrus,NA,3,17
Abutilon,NA,15,177
Acaciella,NA,1,15
Acanthocephalus,NA,1,2
Acanthocereus,NA,1,14
Acanthospermum,NA,4,6
Acanthus,NA,4,30
Acca,NA,1,2
Achetaria,NA,1,10
Achimenes,NA,1,24
Achyranthes,NA,6,14
Acicarpha,NA,1,5
Acmella,NA,18,32
Acmispon,NA,4,24
Acokanthera,NA,1,5
Acorus,NA,2,2
Acrachne,NA,1,3
Acrocarpus,NA,1,1
Acroceras,NA,2,24
Acrocomia,NA,1,9
Acrostichum,NA,1,4
Actinidia,NA,5,55
Actinotus,NA,1,20
Adansonia,NA,1,8
Adenanthera,NA,2,12
Adenium,NA,1,6
Adenocaulon,NA,1,5
Adenostemma,NA,4,23
Adlumia,NA,1,2
Adonidia,NA,1,2
Aechmea,NA,2,253
Aegle,NA,1,2
Aegopodium,NA,2,11
Aeluropus,NA,1,6
Aerva,NA,2,6
Aeschynomene,NA,16,173
Aetheorhiza,NA,1,1
Aethusa,NA,2,1
Aframomum,NA,1,63
Afrocanthium,NA,1,17
Afrocarpus,NA,1,5
Agalinis,NA,3,64
Agapanthus,NA,3,7
Agarista,NA,1,32
Agastache,NA,3,22
Agathis,NA,2,17
Agdestis,NA,1,1
Ageratina,NA,4,325
Ageratum,NA,2,39
Aglaia,NA,2,115
Aglaonema,NA,2,24
Agoseris,NA,1,12
Agropogon,NA,1,3
Agrostemma,NA,2,2
Ailanthus,NA,1,6
Aira,NA,5,8
Aizoanthemum,NA,1,5
Aizoon,NA,4,41
Albizia,NA,9,126
Albuca,NA,5,167
Alcea,NA,4,87
Alchemilla,NA,24,745
Alchornea,NA,1,51
Aldama,NA,1,118
Aldrovanda,NA,1,1
Aleurites,NA,1,2
Alhagi,NA,1,3
Allamanda,NA,3,15
Alliaria,NA,1,2
Allmania,NA,1,1
Allocasuarina,NA,3,61
Allophylus,NA,1,211
Alloteropsis,NA,1,5
Aloysia,NA,2,41
Alphitonia,NA,1,15
Alstonia,NA,2,44
Alstroemeria,NA,2,127
Alternanthera,NA,13,117
Alysicarpus,NA,5,38
Alyssum,NA,11,113
Amaryllis,NA,1,2
Amberboa,NA,1,12
Amblyolepis,NA,1,1
Amblyopappus,NA,1,1
Amethystea,NA,1,1
Amherstia,NA,1,1
Ammannia,NA,8,106
Ammi,NA,2,3
Ammobium,NA,1,3
Ammocharis,NA,1,7
Ammoselinum,NA,1,4
Amomyrtus,NA,1,2
Amorphophallus,NA,1,230
Ampelamus,NA,1,3
Ampelaster,NA,1,1
Ampelocissus,NA,2,93
Ampelodesmos,NA,1,1
Ampelopsis,NA,7,16
Amphiachyris,NA,1,2
Amphicarpaea,NA,1,3
Amphilophium,NA,2,49
Amsinckia,NA,7,13
Amsonia,NA,2,16
Anacardium,NA,1,20
Anagyris,NA,1,2
Ananas,NA,2,2
Anaphalis,NA,1,109
Andira,NA,1,31
Andrachne,NA,1,22
Andrographis,NA,2,26
Aneilema,NA,1,65
Anemonella,NA,1,1
Anemopsis,NA,1,1
Anethum,NA,1,2
Angadenia,NA,1,2
Angelonia,NA,4,29
Angiopteris,NA,1,39
Anigozanthos,NA,1,11
Aniseia,NA,2,3
Annona,NA,8,169
Anoda,NA,2,23
Anodendron,NA,1,17
Anredera,NA,3,12
Antennaria,NA,3,45
Anthephora,NA,2,11
Anthriscus,NA,3,13
Antigonon,NA,2,4
Apera,NA,2,5
Aphanopetalum,NA,1,2
Aphanostephus,NA,1,6
Aphelandra,NA,2,201
Apios,NA,1,7
Apium,NA,4,12
Apluda,NA,1,1
Apodanthera,NA,1,25
Apodytes,NA,1,8
Aponogeton,NA,3,60
Aposeris,NA,1,1
Arabidopsis,NA,4,11
Arachis,NA,5,82
Aralia,NA,4,73
Araucaria,NA,5,20
Araujia,NA,2,13
Archontophoenix,NA,2,6
Arctotheca,NA,3,5
Arctotis,NA,5,67
Areca,NA,1,47
Aremonia,NA,1,1
Arenga,NA,2,24
Argyranthemum,NA,4,23
Argyreia,NA,3,137
Argyrocytisus,NA,1,1
Arisaema,NA,1,203
Aristea,NA,3,59
Aristida,NA,19,299
Armoracia,NA,1,3
Arnica,NA,2,31
Arnoseris,NA,1,1
Arracacia,NA,1,42
Arrhenatherum,NA,2,7
Artabotrys,NA,1,108
Arthraxon,NA,4,23
Arthropodium,NA,1,9
Arthrostemma,NA,1,5
Artocarpus,NA,4,48
Aruncus,NA,3,4
Arundina,NA,1,1
Arundinaria,NA,1,3
Arundo,NA,1,5
Asarina,NA,1,1
Asarum,NA,3,125
Askellia,NA,1,10
Asparagus,NA,13,215
Asperugo,NA,1,1
Asphodelus,NA,3,17
Aspidistra,NA,1,186
Asteriscus,NA,1,9
Astraea,NA,1,13
Astragalus,NA,25,3047
Astranthium,NA,1,11
Astrantia,NA,2,11
Astrebla,NA,1,4
Astripomoea,NA,1,12
Astrodaucus,NA,1,3
Asystasia,NA,3,55
Atalantia,NA,1,23
Athamanta,NA,1,12
Athertonia,NA,1,1
Atractocarpus,NA,1,29
Atuna,NA,1,8
Aucuba,NA,1,10
Auranticarpa,NA,1,6
Aurinia,NA,3,7
Austrocylindropuntia,NA,3,7
Austroeupatorium,NA,1,14
Avena,NA,10,25
Averrhoa,NA,2,5
Avicennia,NA,1,8
Axonopus,NA,4,78
Axyris,NA,1,7
Ayapana,NA,1,17
Azadirachta,NA,1,2
Azara,NA,1,11
Azima,NA,1,3
Azolla,NA,6,6
Baccharoides,NA,1,26
Bacopa,NA,7,58
Baeometra,NA,1,1
Balanites,NA,1,9
Baldellia,NA,1,3
Ballota,NA,5,18
Baloghia,NA,1,15
Baltimora,NA,1,2
Bambusa,NA,14,153
Banisteriopsis,NA,1,61
Banksia,NA,3,179
Barleria,NA,6,288
Barringtonia,NA,1,72
Bartlettina,NA,1,43
Bartsia,NA,1,1
Basella,NA,2,5
Basilicum,NA,1,1
Bassia,NA,7,21
Batis,NA,1,2
Bauhinia,NA,11,204
Beaucarnea,NA,1,13
Beaumontia,NA,1,9
Beckmannia,NA,2,2
Bellevalia,NA,3,74
Bellis,NA,1,14
Benincasa,NA,1,2
Berchemia,NA,1,37
Bergenia,NA,1,10
Bergia,NA,2,29
Berkheya,NA,2,79
Berlandiera,NA,1,11
Berrya,NA,1,6
Berteroa,NA,2,6
Bertholletia,NA,1,1
Berula,NA,1,6
Beta,NA,3,10
Bifora,NA,3,3
Bignonia,NA,2,31
Billardiera,NA,3,23
Biophytum,NA,2,80
Bischofia,NA,1,2
Bismarckia,NA,1,1
Bituminaria,NA,1,9
Bixa,NA,1,5
Blackstonia,NA,2,4
Blainvillea,NA,2,5
Blastania,NA,1,3
Bletilla,NA,1,6
Blighia,NA,1,3
Blumea,NA,9,86
Blutaparon,NA,1,4
Blyxa,NA,2,14
Bocconia,NA,1,11
Boerhavia,NA,8,64
Bolboschoenus,NA,4,15
Boltonia,NA,3,6
Bomarea,NA,1,123
Bombax,NA,1,8
Bonamia,NA,1,69
Bonellia,NA,1,29
Bontia,NA,1,1
Borago,NA,2,5
Borassus,NA,1,5
Bothriochloa,NA,11,38
Bothriospermum,NA,1,6
Bouchea,NA,2,13
Bouchetia,NA,1,3
Bouea,NA,1,3
Bougainvillea,NA,4,16
Bouteloua,NA,11,56
Bowlesia,NA,2,16
Brachyelytrum,NA,1,3
Brachylaena,NA,1,12
Brachyscome,NA,1,97
Bradburia,NA,2,2
Brahea,NA,1,11
Brasiliopuntia,NA,1,2
Brassica,NA,14,43
Braya,NA,1,22
Brexia,NA,1,4
Breynia,NA,3,90
Brickellia,NA,1,97
Bridelia,NA,1,50
Brillantaisia,NA,3,14
Briquetia,NA,1,5
Briza,NA,5,5
Brodiaea,NA,1,17
Bromelia,NA,2,70
Brosimum,NA,1,15
Browallia,NA,1,19
Brownea,NA,2,21
Brunfelsia,NA,5,49
Brunnera,NA,2,3
Brunnichia,NA,1,1
Brya,NA,1,7
Bryonia,NA,3,10
Buchnera,NA,1,140
Bufonia,NA,2,32
Buglossoides,NA,2,6
Bulbine,NA,1,85
Bulbostylis,NA,5,221
Bunias,NA,2,3
Bunium,NA,1,32
Buphthalmum,NA,1,3
Burchellia,NA,1,1
Burckella,NA,1,13
Bursera,NA,1,120
Butea,NA,1,5
Butia,NA,1,22
Butomus,NA,2,2
Buxus,NA,3,101
Cabomba,NA,4,6
Caesalpinia,NA,11,10
Cajanus,NA,2,34
Cakile,NA,3,7
Caladium,NA,2,20
Calamus,NA,5,448
Calandrinia,NA,3,113
Calathea,NA,3,59
Caldesia,NA,1,3
Calendula,NA,6,12
Calepina,NA,1,1
Calibrachoa,NA,1,30
Calicotome,NA,1,5
Calla,NA,1,1
Callerya,NA,1,14
Callirhoe,NA,4,9
Callisia,NA,4,42
Callistephus,NA,1,1
Callitris,NA,5,20
Calluna,NA,1,1
Calocedrus,NA,1,4
Calodendrum,NA,1,2
Caloncoba,NA,1,10
Calophyllum,NA,4,184
Calopogonium,NA,3,8
Calotis,NA,2,28
Calotropis,NA,2,3
Calycanthus,NA,3,4
Calycera,NA,1,10
Calycocarpum,NA,1,1
Calyptocarpus,NA,2,3
Calyptrochilum,NA,1,3
Camassia,NA,1,6
Camelina,NA,4,8
Cameraria,NA,1,7
Camissonia,NA,2,19
Camissoniopsis,NA,2,14
Camphorosma,NA,1,5
Campsis,NA,2,2
Camptolepis,NA,1,4
Campuloclinium,NA,1,16
Campylotropis,NA,1,38
Cananga,NA,1,2
Canarium,NA,3,121
Canavalia,NA,9,61
Canna,NA,4,12
Cannabis,NA,1,1
Canscora,NA,1,14
Caperonia,NA,2,34
Capillipedium,NA,2,18
Capnoides,NA,1,1
Capnophyllum,NA,1,4
Capparis,NA,1,135
Capraria,NA,1,7
Capsicum,NA,7,40
Caragana,NA,9,95
Cardiocrinum,NA,1,3
Cardionema,NA,1,6
Cardiospermum,NA,4,10
Carica,NA,2,3
Carissa,NA,2,9
Carludovica,NA,1,4
Carpentaria,NA,1,1
Carpesium,NA,2,19
Carphalea,NA,1,3
Carpobrotus,NA,7,13
Carrichtera,NA,1,1
Carum,NA,1,22
Caryota,NA,2,14
Cascabela,NA,1,6
Casearia,NA,1,235
Cassine,NA,1,11
Cassytha,NA,2,20
Castilla,NA,1,3
Casuarina,NA,7,14
Catabrosa,NA,1,7
Catalpa,NA,4,8
Catananche,NA,1,5
Catapodium,NA,2,4
Catha,NA,1,1
Catharanthus,NA,2,9
Catolobus,NA,1,1
Caucalis,NA,1,1
Cavanillesia,NA,2,5
Cayratia,NA,2,57
Cecropia,NA,6,63
Cedrela,NA,1,19
Cedronella,NA,1,1
Cedrus,NA,3,3
Ceiba,NA,3,20
Celastrus,NA,5,43
Celosia,NA,3,46
Celtis,NA,5,65
Centella,NA,2,51
Centipeda,NA,2,10
Centotheca,NA,1,4
Centratherum,NA,2,3
Centrolepis,NA,1,26
Centromadia,NA,1,4
Centrosema,NA,6,44
Centrostachys,NA,1,1
Cephalaria,NA,4,99
Ceratocapnos,NA,1,3
Ceratocarpus,NA,1,1
Ceratonia,NA,1,2
Ceratopetalum,NA,1,9
Ceratophyllum,NA,3,6
Ceratopteris,NA,3,5
Ceratostigma,NA,1,7
Cerbera,NA,2,6
Cercidiphyllum,NA,1,2
Cercis,NA,2,10
Cereus,NA,5,25
Cerinthe,NA,2,6
Ceriops,NA,1,5
Ceropegia,NA,1,411
Cestrum,NA,8,228
Chaenactis,NA,2,18
Chaenomeles,NA,3,4
Chaenorhinum,NA,2,27
Chaenostoma,NA,1,46
Chaerophyllum,NA,9,70
Chaetopappa,NA,1,11
Chaiturus,NA,1,1
Chamaecyparis,NA,3,5
Chamaecytisus,NA,4,43
Chamaedorea,NA,2,104
Chamaelirium,NA,1,10
Chamaemelum,NA,2,2
Chamaerhodos,NA,2,7
Chamaerops,NA,1,1
Chambeyronia,NA,1,2
Chamelaucium,NA,1,13
Chaptalia,NA,1,69
Chasmanthe,NA,3,3
Chasmanthium,NA,1,5
Cheirolophus,NA,1,27
Chelidonium,NA,1,2
Chelonanthus,NA,1,5
Chelone,NA,3,4
Chevreulia,NA,1,6
Chilopsis,NA,1,1
Chimaphila,NA,2,5
Chimonobambusa,NA,2,42
Chionanthus,NA,1,142
Chloracantha,NA,1,1
Chloranthus,NA,2,15
Chlorophytum,NA,2,199
Choisya,NA,1,6
Chondrilla,NA,1,31
Chorispora,NA,2,13
Chorizanthe,NA,1,60
Christia,NA,1,11
Christiana,NA,1,5
Chromolaena,NA,3,160
Chrozophora,NA,2,9
Chrysanthellum,NA,3,14
Chrysobalanus,NA,2,3
Chrysocoma,NA,1,22
Chrysogonum,NA,1,5
Chrysophyllum,NA,3,52
Chrysopogon,NA,5,49
Chrysothemis,NA,1,9
Chukrasia,NA,1,1
Cicendia,NA,2,2
Cicer,NA,1,47
Cichorium,NA,4,7
Cicuta,NA,3,4
Cineraria,NA,2,47
Cipura,NA,1,8
Cissampelopsis,NA,1,11
Cissampelos,NA,1,23
Cistanche,NA,1,24
Citrullus,NA,2,7
Cladanthus,NA,1,5
Cladium,NA,2,3
Cladoraphis,NA,1,2
Cladrastis,NA,1,4
Clarkia,NA,6,42
Clausena,NA,3,20
Claytonia,NA,4,33
Clematis,NA,27,385
Cleobulia,NA,1,4
Cleomella,NA,1,21
Cleretum,NA,3,13
Clerodendrum,NA,21,261
Cleyera,NA,1,23
Clianthus,NA,1,2
Clibadium,NA,2,38
Clidemia,NA,1,167
Clinacanthus,NA,1,4
Clitoria,NA,7,66
Clusia,NA,1,316
Clypeola,NA,1,9
Cnidium,NA,2,8
Cnidoscolus,NA,4,97
Cobaea,NA,1,17
Coccinia,NA,1,28
Coccocypselum,NA,1,22
Cocculus,NA,2,10
Cochlospermum,NA,2,19
Cocos,NA,1,1
Codariocalyx,NA,1,2
Codiaeum,NA,1,17
Coincya,NA,2,7
Coix,NA,1,3
Cola,NA,2,133
Colchicum,NA,1,160
Coleonema,NA,1,8
Coleostephus,NA,1,3
Collinsia,NA,2,22
Collomia,NA,3,15
Colocasia,NA,3,11
Colubrina,NA,1,38
Commelina,NA,14,199
Commiphora,NA,1,181
Condylocarpon,NA,1,7
Conicosia,NA,2,2
Conioselinum,NA,1,19
Conium,NA,1,6
Conocarpus,NA,2,2
Conoclinium,NA,1,4
Conopodium,NA,1,8
Conringia,NA,1,6
Convallaria,NA,1,3
Copaifera,NA,1,42
Corallocarpus,NA,1,15
Corchorus,NA,10,74
Cordia,NA,14,230
Corema,NA,1,2
Coreopsis,NA,11,88
Coriandrum,NA,1,2
Cornutia,NA,1,8
Coronilla,NA,4,11
Corrigiola,NA,1,12
Cortaderia,NA,3,20
Corynanthe,NA,1,8
Corynephorus,NA,2,5
Corynocarpus,NA,1,5
Cosmos,NA,4,35
Costus,NA,6,100
Cotinus,NA,2,7
Cotula,NA,8,54
Cotyledon,NA,2,16
Couroupita,NA,1,3
Craniolaria,NA,1,2
Crassocephalum,NA,2,26
Craterostigma,NA,1,26
Crateva,NA,2,21
Crepis,NA,24,205
Crescentia,NA,2,6
Crossandra,NA,1,54
Crossopetalum,NA,1,35
Crossostephium,NA,1,1
Crotalaria,NA,48,722
Croton,NA,19,1149
Crucianella,NA,2,30
Crupina,NA,1,3
Cryptantha,NA,3,108
Cryptomeria,NA,1,1
Cryptostegia,NA,2,2
Cryptotaenia,NA,1,6
Ctenanthe,NA,1,15
Ctenium,NA,2,19
Cucumis,NA,10,61
Cullen,NA,3,36
Cuminum,NA,1,4
Cunninghamia,NA,1,2
Cupaniopsis,NA,1,63
Cuphea,NA,10,257
Cupressus,NA,9,13
Curcuma,NA,3,128
Cuscuta,NA,25,217
Cutandia,NA,1,6
Cyamopsis,NA,1,4
Cyanella,NA,1,9
Cyanotis,NA,3,50
Cyanthillium,NA,3,12
Cyathula,NA,3,28
Cyclanthera,NA,2,45
Cyclocarpa,NA,1,1
Cycloloma,NA,1,1
Cyclospermum,NA,1,3
Cydonia,NA,1,1
Cymbalaria,NA,3,15
Cymbopogon,NA,11,53
Cymophora,NA,1,4
Cynanchum,NA,4,256
Cynoglottis,NA,1,2
Cynometra,NA,1,113
Cynosurus,NA,3,9
Cyrilla,NA,1,10
Cyrtococcum,NA,2,14
Cyrtomium,NA,3,34
Cyrtosperma,NA,1,12
Cyrtostachys,NA,1,7
Cytisophyllum,NA,1,1
Daboecia,NA,1,2
Dacrycarpus,NA,1,9
Dactyliandra,NA,1,1
Dactylis,NA,1,2
Dactyloctenium,NA,7,13
Dahlia,NA,4,41
Dalbergia,NA,6,271
Dalea,NA,11,191
Dalechampia,NA,2,121
Danae,NA,1,1
Darlingtonia,NA,1,1
Darmera,NA,1,1
Darwinia,NA,1,53
Dasypyrum,NA,1,2
Datura,NA,8,14
Daucus,NA,8,45
Davallia,NA,1,51
Debregeasia,NA,1,9
Delairea,NA,1,1
Delarbrea,NA,1,7
Delilia,NA,1,2
Delonix,NA,1,12
Delosperma,NA,2,168
Dendrocalamus,NA,5,73
Dendrolobium,NA,1,19
Dendrosenecio,NA,1,12
Dennstaedtia,NA,1,57
Dentella,NA,2,8
Dermatophyllum,NA,1,5
Derris,NA,4,73
Deschampsia,NA,7,56
Descurainia,NA,5,45
Desmanthus,NA,6,24
Desmostachya,NA,1,1
Dianella,NA,2,40
Diaperia,NA,3,3
Diascia,NA,1,63
Dicentra,NA,3,8
Dichanthium,NA,5,19
Dichelachne,NA,3,9
Dichondra,NA,3,15
Dichorisandra,NA,2,52
Dichrocephala,NA,1,4
Dichrostachys,NA,2,16
Dicliptera,NA,2,216
Dicoma,NA,1,34
Dictamnus,NA,1,2
Didiplis,NA,1,1
Dieffenbachia,NA,1,57
Dierama,NA,2,43
Dieteria,NA,1,4
Dietes,NA,2,6
Digera,NA,1,1
Digitaria,NA,27,263
Dillenia,NA,2,59
Dimeria,NA,1,56
Dimocarpus,NA,1,9
Dimorphotheca,NA,5,19
Dinebra,NA,1,8
Dinetus,NA,1,8
Dioclea,NA,2,54
Diodia,NA,1,18
Dionaea,NA,1,1
Diplocyclos,NA,1,5
Dipogon,NA,1,1
Dischisma,NA,2,11
Discocactus,NA,1,13
Disocactus,NA,1,16
Disphyma,NA,2,4
Distichlis,NA,1,11
Ditaxis,NA,1,44
Dittrichia,NA,2,2
Dodartia,NA,1,1
Dodecastigma,NA,1,3
Dodonaea,NA,1,72
Doellingeria,NA,1,3
Dolichandra,NA,1,9
Dontostemon,NA,1,12
Dopatrium,NA,1,14
Dorstenia,NA,2,121
Doryanthes,NA,1,2
Dovyalis,NA,3,19
Dracaena,NA,15,190
Dracocephalum,NA,4,76
Dracunculus,NA,1,2
Drepanostachyum,NA,1,10
Drimiopsis,NA,1,14
Drosanthemum,NA,2,110
Drymaria,NA,4,56
Durio,NA,1,27
Dyckia,NA,1,176
Dypsis,NA,2,171
Dyschoriste,NA,3,95
Dysolobium,NA,1,5
Dyssodia,NA,2,6
Ecballium,NA,1,1
Eccremocarpus,NA,1,3
Echeandia,NA,1,84
Echinacea,NA,3,9
Echinochloa,NA,14,34
Echinocystis,NA,1,1
Echinodorus,NA,2,1
Echinops,NA,5,213
Echinospartum,NA,1,5
Eclipta,NA,1,7
Edgeworthia,NA,1,5
Ehretia,NA,2,65
Ehrharta,NA,8,29
Elaeis,NA,2,2
Elaeocarpus,NA,2,488
Elatine,NA,5,31
Elephantopus,NA,3,22
Elettaria,NA,1,2
Eleusine,NA,5,10
Eleutheranthera,NA,1,2
Eleutherine,NA,1,3
Eleutherococcus,NA,2,29
Ellisia,NA,1,1
Elodea,NA,4,9
Elsholtzia,NA,1,42
Elyhordeum,NA,1,17
Elytraria,NA,1,21
Embothrium,NA,1,1
Empetrum,NA,1,4
Encelia,NA,1,21
Encephalartos,NA,2,66
Enchylaena,NA,1,2
Engelmannia,NA,1,1
Enicostema,NA,1,3
Enneapogon,NA,2,25
Ensete,NA,1,7
Entada,NA,3,32
Enterolobium,NA,2,11
Enteropogon,NA,4,14
Entolasia,NA,1,6
Enydra,NA,2,5
Eomecon,NA,1,1
Epacris,NA,1,55
Epaltes,NA,1,7
Epiphyllum,NA,2,10
Epipremnum,NA,2,15
Episcia,NA,1,9
Eranthemum,NA,1,21
Eranthis,NA,1,9
Erechtites,NA,7,27
Eremochloa,NA,2,13
Eremogone,NA,3,100
Eremophila,NA,1,233
Eremopyrum,NA,3,4
Eria,NA,1,51
Erinus,NA,1,2
Eriocephalus,NA,1,36
Eriochloa,NA,12,33
Erioneuron,NA,1,2
Eriophyllum,NA,4,14
Eruca,NA,1,3
Erucaria,NA,1,10
Erucastrum,NA,4,25
Erythronium,NA,1,33
Erythrophleum,NA,1,10
Eschscholzia,NA,1,15
Escobaria,NA,1,17
Ethulia,NA,2,15
Etlingera,NA,2,149
Eubotrys,NA,1,2
Euchiton,NA,4,19
Euclasta,NA,1,3
Euclidium,NA,1,1
Eucomis,NA,1,12
Eucommia,NA,1,1
Eugenia,NA,5,1156
Eulalia,NA,1,30
Euonymus,NA,11,140
Euryops,NA,4,99
Eustachys,NA,5,15
Eustoma,NA,2,2
Euterpe,NA,1,7
Euthamia,NA,1,5
Eutrema,NA,1,41
Eutrochium,NA,2,5
Evolvulus,NA,7,102
Exacum,NA,2,74
Excoecaria,NA,1,37
Exomis,NA,1,1
Facelis,NA,1,3
Fagopyrum,NA,3,28
Faidherbia,NA,1,1
Falcaria,NA,1,1
Falcataria,NA,1,3
Farfugium,NA,1,2
Fargesia,NA,1,88
Farsetia,NA,1,28
Fascicularia,NA,1,1
Fatoua,NA,1,3
Fatsia,NA,1,3
Felicia,NA,3,87
Ferraria,NA,1,18
Ferula,NA,1,218
Festulolium,NA,3,3
Fibigia,NA,1,6
Ficus,NA,26,876
Filicium,NA,1,3
Fingerhuthia,NA,1,2
Firmiana,NA,1,17
Fitchia,NA,1,7
Flacourtia,NA,4,23
Flaveria,NA,5,21
Fleischmannia,NA,1,99
Flemingia,NA,2,43
Flindersia,NA,1,17
Florestina,NA,1,8
Flueggea,NA,4,16
Foeniculum,NA,1,3
Fontanesia,NA,2,2
Forchhammeria,NA,1,16
Forestiera,NA,1,21
Francoa,NA,1,1
Frankenia,NA,3,78
Frasera,NA,2,15
Freesia,NA,4,16
Fridericia,NA,1,66
Froelichia,NA,2,15
Fuirena,NA,5,55
Funtumia,NA,2,2
Furcraea,NA,5,25
Gahnia,NA,2,41
Gaillardia,NA,4,21
Galax,NA,1,1
Galega,NA,2,8
Galinsoga,NA,2,12
Galphimia,NA,2,27
Gamochaeta,NA,6,61
Garcia,NA,1,2
Gardenia,NA,3,134
Garnotia,NA,1,29
Gastridium,NA,2,3
Gaudinia,NA,1,5
Gazania,NA,2,19
Geissorhiza,NA,1,101
Geitonoplesium,NA,1,1
Gelsemium,NA,1,3
Geranium,NA,45,354
Gerbera,NA,2,22
Geropogon,NA,1,1
Gibasis,NA,2,14
Gigantochloa,NA,5,63
Gilia,NA,8,40
Ginkgo,NA,1,1
Gisekia,NA,1,7
Glaucium,NA,2,25
Glebionis,NA,2,2
Glinus,NA,4,10
Gliricidia,NA,1,5
Glochidion,NA,1,174
Gloriosa,NA,1,11
Glossocardia,NA,1,13
Glossostigma,NA,1,6
Gloxinia,NA,1,4
Glycine,NA,4,28
Glycosmis,NA,1,51
Glycyrrhiza,NA,2,17
Gmelina,NA,4,32
Gnaphalium,NA,15,43
Gnidia,NA,2,107
Goldbachia,NA,1,7
Gomphocarpus,NA,3,20
Gomphrena,NA,4,130
Gonatopus,NA,1,5
Goniolimon,NA,1,23
Gonocarpus,NA,2,41
Gonolobus,NA,1,119
Goodenia,NA,1,206
Goodia,NA,1,6
Gorteria,NA,1,7
Gossypium,NA,5,54
Gouania,NA,2,73
Grammatotheca,NA,1,1
Grangea,NA,1,8
Graptophyllum,NA,1,15
Gratiola,NA,4,28
Grewia,NA,3,289
Grias,NA,1,12
Grindelia,NA,4,64
Griselinia,NA,1,7
Groenlandia,NA,1,1
Guadua,NA,3,33
Guaiacum,NA,1,6
Guazuma,NA,1,4
Guilleminea,NA,1,8
Guizotia,NA,1,7
Gutierrezia,NA,2,33
Gymnanthemum,NA,1,32
Gymnema,NA,1,34
Gymnocladus,NA,1,6
Gymnocoronis,NA,1,4
Gynerium,NA,1,1
Gynura,NA,3,54
Habenaria,NA,2,891
Hackelia,NA,4,54
Hackelochloa,NA,1,2
Haematoxylum,NA,1,5
Hainardia,NA,1,1
Hakea,NA,5,154
Halerpestes,NA,1,9
Halesia,NA,2,2
Halleria,NA,1,5
Halodule,NA,1,6
Halogeton,NA,1,3
Halophila,NA,2,19
Haloragis,NA,2,30
Hamamelis,NA,1,5
Hamelia,NA,1,16
Handroanthus,NA,4,34
Haplocarpha,NA,1,9
Hardenbergia,NA,1,3
Harpachne,NA,1,3
Harpephyllum,NA,1,1
Harpullia,NA,2,27
Harrisia,NA,5,18
Harungana,NA,1,3
Hasteola,NA,1,3
Haworthia,NA,1,60
Hebenstretia,NA,1,25
Hebestigma,NA,1,1
Hedeoma,NA,2,44
Hedyotis,NA,1,178
Hedypnois,NA,1,4
Heimia,NA,2,4
Helanthium,NA,1,3
Helenium,NA,8,32
Heliocarpus,NA,1,12
Heliomeris,NA,2,6
Heliophila,NA,2,82
Heliopsis,NA,2,15
Heliotropium,NA,14,321
Hellenia,NA,1,5
Helminthotheca,NA,1,5
Hemarthria,NA,2,12
Hemigraphis,NA,2,38
Hemizonia,NA,2,1
Herbertia,NA,1,10
Herissantia,NA,1,5
Heritiera,NA,1,40
Hermbstaedtia,NA,1,14
Hesperantha,NA,2,91
Hesperis,NA,6,48
Heteranthemis,NA,1,1
Heteranthera,NA,5,17
Heterocentron,NA,3,12
Heteropogon,NA,3,5
Heterosperma,NA,1,11
Heterotheca,NA,7,33
Heterotis,NA,2,6
Hevea,NA,1,10
Hexasepalum,NA,4,15
Hilaria,NA,1,10
Hilleria,NA,1,3
Himalayacalamus,NA,1,9
Hippeastrum,NA,6,106
Hippobroma,NA,1,1
Hippocrepis,NA,3,32
Hippuris,NA,1,4
Hiptage,NA,1,44
Hiraea,NA,1,81
Hirschfeldia,NA,1,1
Holmskioldia,NA,1,1
Holodiscus,NA,1,8
Holosteum,NA,1,4
Homalanthus,NA,2,23
Homolepis,NA,1,5
Honckenya,NA,1,1
Hoppea,NA,1,2
Hornungia,NA,1,6
Horsfordia,NA,1,4
Hottonia,NA,1,2
Houstonia,NA,2,24
Houttuynia,NA,1,1
Hovea,NA,2,38
Hovenia,NA,1,4
Howea,NA,2,2
Humulus,NA,2,7
Hunnemannia,NA,1,2
Hura,NA,1,2
Hyacinthus,NA,1,3
Hybanthus,NA,3,46
Hydnocarpus,NA,1,44
Hydrilla,NA,1,1
Hydrocera,NA,1,1
Hydrocharis,NA,4,5
Hydrocleys,NA,1,5
Hydrolea,NA,4,14
Hygrophila,NA,4,78
Hylomecon,NA,1,2
Hymenachne,NA,1,17
Hymenaea,NA,2,20
Hymenocallis,NA,2,64
Hymenothrix,NA,1,11
Hymenoxys,NA,2,25
Hyophorbe,NA,2,5
Hyoscyamus,NA,2,32
Hyparrhenia,NA,6,56
Hypecoum,NA,2,16
Hyperthelia,NA,1,6
Hypochaeris,NA,4,65
Hypoestes,NA,3,138
Hypoxis,NA,2,90
Hyptis,NA,11,164
Hyssopus,NA,1,7
Iberis,NA,8,28
Ibicella,NA,1,2
Idesia,NA,1,1
Illecebrum,NA,1,1
Imperata,NA,3,11
Indigofera,NA,33,709
Indocalamus,NA,1,33
Inocarpus,NA,1,4
Iochroma,NA,2,40
Ipheion,NA,1,3
Ipomopsis,NA,2,29
Iresine,NA,3,34
Isachne,NA,2,105
Isatis,NA,3,88
Ischaemum,NA,7,84
Ismelia,NA,1,1
Isocarpha,NA,1,5
Isolepis,NA,11,74
Isopyrum,NA,1,4
Isotoma,NA,1,10
Iva,NA,4,10
Ixia,NA,7,99
Ixophorus,NA,1,1
Ixora,NA,8,576
Jaborosa,NA,1,25
Jacaranda,NA,2,49
Jacquemontia,NA,1,107
Jacquinia,NA,1,21
Jaegeria,NA,1,11
Jaltomata,NA,1,71
Jasione,NA,1,14
Justicia,NA,13,937
Kadenia,NA,1,2
Kaempferia,NA,2,43
Kallstroemia,NA,4,19
Kalmia,NA,3,9
Kalopanax,NA,1,1
Kennedia,NA,2,14
Kerria,NA,1,1
Khaya,NA,3,5
Kigelia,NA,1,1
Kleinhovia,NA,1,1
Kleinia,NA,3,58
Koelreuteria,NA,4,3
Kohautia,NA,1,27
Kopsia,NA,1,24
Krapovickasia,NA,1,4
Krigia,NA,5,7
Kummerowia,NA,2,2
Kundmannia,NA,1,3
Lablab,NA,2,1
Lachenalia,NA,4,135
Lactuca,NA,19,115
Laennecia,NA,2,19
Lagarosiphon,NA,1,9
Lagascea,NA,1,9
Lagenaria,NA,2,6
Lagenophora,NA,1,22
Lagerstroemia,NA,3,49
Laggera,NA,2,13
Lagoecia,NA,1,1
Lagopsis,NA,1,5
Lagunaria,NA,1,2
Laguncularia,NA,1,1
Lagurus,NA,1,1
Lallemantia,NA,2,5
Lamarckia,NA,1,1
Lampranthus,NA,9,124
Lamprocapnos,NA,1,1
Lannea,NA,1,36
Lansium,NA,1,3
Lapeirousia,NA,1,26
Laportea,NA,3,37
Lappula,NA,7,75
Lapsana,NA,2,1
Lapsanastrum,NA,1,4
Lardizabala,NA,1,1
Laser,NA,1,7
Laserpitium,NA,2,10
Lasiacis,NA,1,15
Lasiospermum,NA,1,4
Lasthenia,NA,2,18
Latania,NA,1,3
Lathraea,NA,1,5
Launaea,NA,3,55
Laurus,NA,1,3
Lawsonia,NA,1,1
Layia,NA,1,14
Ledebouria,NA,1,62
Leea,NA,2,42
Leersia,NA,2,18
Legousia,NA,2,6
Lemna,NA,9,13
Lennea,NA,1,3
Leonotis,NA,3,9
Leonurus,NA,6,24
Leopoldia,NA,1,16
Lepechinia,NA,1,47
Lepidagathis,NA,1,142
Lepidium,NA,40,259
Lepironia,NA,1,1
Leptinella,NA,1,34
Leptochloa,NA,13,30
Leptopyrum,NA,1,1
Leptosiphon,NA,1,33
Leptospermum,NA,7,88
Lepyrodiclis,NA,1,3
Lessertia,NA,1,62
Leucadendron,NA,1,84
Leucanthemella,NA,1,2
Leucanthemopsis,NA,1,8
Leucas,NA,7,116
Leucojum,NA,3,2
Leucophyllum,NA,1,18
Leucophysalis,NA,1,2
Leucospora,NA,1,1
Leucothoe,NA,2,5
Levisticum,NA,1,1
Leycesteria,NA,1,7
Libertia,NA,1,17
Licuala,NA,1,167
Ligusticum,NA,3,41
Ligustrum,NA,12,44
Lilaeopsis,NA,2,13
Limnanthes,NA,1,7
Limnocharis,NA,2,2
Limnodea,NA,1,1
Limoniastrum,NA,1,2
Limosella,NA,2,15
Linanthus,NA,2,30
Lindera,NA,1,95
Lindernia,NA,8,43
Linnaea,NA,3,20
Linum,NA,18,213
Linzia,NA,1,9
Lippia,NA,2,175
Liquidambar,NA,1,15
Liriodendron,NA,2,2
Liriope,NA,3,8
Lisaea,NA,1,3
Litchi,NA,1,1
Lithodora,NA,1,3
Lithospermum,NA,3,79
Lithraea,NA,1,3
Litsea,NA,2,412
Livistona,NA,2,28
Lobularia,NA,1,4
Logfia,NA,1,4
Lomelosia,NA,1,63
Lonchocarpus,NA,3,160
Lophospermum,NA,1,7
Lophostemon,NA,1,4
Loropetalum,NA,1,4
Lotononis,NA,1,99
Luffa,NA,2,9
Luma,NA,1,2
Lunaria,NA,2,3
Luziola,NA,2,11
Lycianthes,NA,3,153
Lygodesmia,NA,2,6
Lysichiton,NA,2,2
Lysiloma,NA,2,8
Lythrum,NA,11,40
Maackia,NA,1,9
Macadamia,NA,3,4
Macaranga,NA,2,306
Machaeranthera,NA,1,2
Mackaya,NA,1,6
Macleaya,NA,1,2
Maclura,NA,2,10
Macropharynx,NA,1,15
Macroptilium,NA,3,20
Macrotyloma,NA,5,24
Madia,NA,3,11
Maesa,NA,1,179
Maesopsis,NA,1,1
Maireana,NA,1,59
Majidea,NA,1,2
Malachra,NA,4,9
Malephora,NA,1,17
Mallotus,NA,1,118
Malope,NA,2,4
Malpighia,NA,2,108
Malvastrum,NA,4,23
Malvaviscus,NA,2,11
Malvella,NA,2,4
Mammea,NA,1,45
Mandevilla,NA,1,177
Mangifera,NA,2,63
Manihot,NA,4,154
Manilkara,NA,2,79
Mansoa,NA,2,18
Maranta,NA,1,38
Margyricarpus,NA,1,2
Markhamia,NA,1,5
Marsilea,NA,7,48
Marsypianthes,NA,1,5
Martynia,NA,1,2
Mascarenhasia,NA,1,8
Matricaria,NA,4,5
Matthiola,NA,5,53
Maurandya,NA,3,2
Mauranthemum,NA,1,4
Mayaca,NA,1,5
Maytenus,NA,3,176
Mazus,NA,2,37
Mecardonia,NA,1,10
Medinilla,NA,1,377
Megaskepasma,NA,1,1
Melampodium,NA,5,42
Melanthera,NA,5,6
Melia,NA,1,3
Melianthus,NA,2,6
Melicoccus,NA,1,10
Melinis,NA,2,22
Melissa,NA,1,4
Melocanna,NA,1,3
Melochia,NA,7,64
Melothria,NA,1,12
Memecylon,NA,1,352
Menispermum,NA,1,2
Mentzelia,NA,4,101
Menyanthes,NA,1,1
Merremia,NA,28,50
Mertensia,NA,2,51
Mesembryanthemum,NA,8,106
Metasequoia,NA,1,1
Metroxylon,NA,1,7
Meum,NA,1,1
Mibora,NA,1,2
Miconia,NA,3,1208
Microchloa,NA,2,6
Micrococca,NA,1,12
Micropsis,NA,2,5
Microseris,NA,3,21
Microsorum,NA,3,56
Microstachys,NA,2,22
Microstegium,NA,3,25
Microsteris,NA,1,1
Mikania,NA,4,439
Milium,NA,2,6
Millettia,NA,2,189
Millingtonia,NA,1,1
Mimosa,NA,19,609
Mimulus,NA,7,7
Mimusops,NA,3,46
Minuartia,NA,4,68
Misopates,NA,1,8
Mitracarpus,NA,1,66
Mitreola,NA,1,12
Mnesithea,NA,1,7
Modiola,NA,1,1
Moenchia,NA,1,3
Molinia,NA,1,2
Mollugo,NA,5,13
Molopospermum,NA,1,1
Moluccella,NA,2,8
Momordica,NA,3,50
Monopsis,NA,1,15
Monstera,NA,1,45
Montanoa,NA,2,29
Montia,NA,5,20
Moraea,NA,15,230
Moricandia,NA,1,8
Morinda,NA,2,43
Moringa,NA,1,13
Morisonia,NA,1,86
Morus,NA,5,20
Mosla,NA,1,13
Mucuna,NA,6,113
Muehlenbeckia,NA,3,25
Muntingia,NA,1,1
Muraltia,NA,1,119
Murdannia,NA,6,60
Murraya,NA,2,16
Musanga,NA,1,2
Muscari,NA,4,54
Mussaenda,NA,2,185
Myagrum,NA,1,1
Myoporum,NA,2,35
Myrica,NA,5,49
Myricaria,NA,1,13
Myriophyllum,NA,8,70
Myristica,NA,1,174
Myrosma,NA,1,1
Myroxylon,NA,2,2
Myrrhis,NA,1,1
Myrtillocactus,NA,1,4
Myrtus,NA,1,2
Najas,NA,8,37
Nama,NA,2,53
Nandina,NA,1,1
Napaea,NA,1,1
Nardus,NA,1,1
Nassella,NA,12,113
Neatostema,NA,1,1
Nelsonia,NA,1,3
Nelumbo,NA,2,2
Nemastylis,NA,1,5
Nemesia,NA,2,69
Nemophila,NA,5,13
Neogaerrhinum,NA,1,2
Neojeffreya,NA,1,1
Neolamarckia,NA,1,2
Neololeba,NA,1,5
Neonotonia,NA,1,2
Neotorularia,NA,2,8
Nephelium,NA,1,23
Neptunia,NA,4,11
Nerium,NA,1,1
Nertera,NA,1,10
Neslia,NA,1,1
Neuontobotrys,NA,1,14
Neurada,NA,1,2
Neurolaena,NA,1,13
Neyraudia,NA,1,4
Nicandra,NA,1,3
Nicotiana,NA,15,76
Nierembergia,NA,4,23
Nigella,NA,4,26
Nipponanthemum,NA,1,1
Noltea,NA,1,1
Noronhia,NA,1,104
Nothosaerva,NA,1,1
Notobasis,NA,1,1
Nuttallanthus,NA,2,3
Nypa,NA,1,1
Ochagavia,NA,1,4
Ochna,NA,4,79
Ochroma,NA,1,1
Ochrosia,NA,1,44
Ocotea,NA,1,533
Odontonema,NA,3,32
Oeceoclades,NA,1,41
Oemleria,NA,1,1
Oenanthe,NA,6,33
Ohwia,NA,1,2
Oldenlandia,NA,13,197
Oldenlandiopsis,NA,1,1
Olea,NA,2,33
Olimarabidopsis,NA,1,3
Olyra,NA,1,15
Omphalodes,NA,2,10
Oncosiphon,NA,3,8
Onoclea,NA,2,6
Operculina,NA,2,13
Ophiopogon,NA,1,77
Ophiuros,NA,1,3
Oplismenus,NA,4,7
Orbea,NA,1,60
Oreocarya,NA,1,63
Orlaya,NA,1,3
Orobanche,NA,13,198
Orontium,NA,1,1
Orthilia,NA,1,2
Orthocarpus,NA,2,10
Orthosiphon,NA,1,44
Orthrosanthus,NA,1,9
Orychophragmus,NA,1,7
Oryza,NA,2,19
Oryzopsis,NA,1,2
Osmanthus,NA,1,28
Ossaea,NA,1,50
Osteospermum,NA,8,72
Otholobium,NA,1,60
Othonna,NA,1,81
Ottelia,NA,2,22
Oxalis,NA,46,558
Oxydendrum,NA,1,1
Oxygonum,NA,2,37
Oxypetalum,NA,1,135
Oxypolis,NA,1,4
Oxyrhynchus,NA,1,4
Oxyspora,NA,1,31
Ozothamnus,NA,1,65
Pachira,NA,3,50
Pachyrhizus,NA,2,5
Pachysandra,NA,2,3
Pachystachys,NA,1,18
Paederia,NA,2,33
Palafoxia,NA,2,12
Palisota,NA,1,22
Paliurus,NA,1,5
Pallenis,NA,1,6
Pancratium,NA,2,24
Pandanus,NA,12,603
Pandorea,NA,2,9
Panphalea,NA,1,10
Pappobolus,NA,1,37
Pappophorum,NA,3,7
Parapholis,NA,2,6
Paraserianthes,NA,2,1
Parentucellia,NA,2,3
Parietaria,NA,5,24
Parinari,NA,1,39
Parkia,NA,1,40
Parmentiera,NA,2,10
Parnassia,NA,2,56
Parochetus,NA,1,2
Paronychia,NA,6,116
Parthenium,NA,3,19
Parthenocissus,NA,3,13
Pascalia,NA,1,2
Paspalum,NA,46,352
Passerina,NA,1,20
Pastinaca,NA,2,15
Patellifolia,NA,1,1
Paullinia,NA,3,193
Pavonia,NA,3,291
Paxistima,NA,1,2
Pedalium,NA,1,1
Peganum,NA,1,4
Pellionia,NA,1,39
Peltandra,NA,1,2
Peltaria,NA,1,3
Peltophorum,NA,2,7
Pentadesma,NA,1,5
Pentaglottis,NA,1,1
Pentameris,NA,2,81
Pentapetes,NA,1,1
Pentapogon,NA,1,1
Pentas,NA,2,16
Penthorum,NA,1,2
Pentodon,NA,1,2
Pentzia,NA,2,31
Pera,NA,1,32
Pereskia,NA,3,4
Perezia,NA,1,33
Periballia,NA,2,1
Perilla,NA,2,1
Periploca,NA,2,17
Perityle,NA,2,72
Perotis,NA,2,16
Persea,NA,2,108
Petitia,NA,1,2
Petiveria,NA,1,1
Petrea,NA,1,13
Petrorhagia,NA,4,31
Petroselinum,NA,1,2
Petunia,NA,3,17
Peucedanum,NA,3,73
Phacelia,NA,14,207
Phaius,NA,1,43
Phaleria,NA,1,25
Phanera,NA,1,89
Phaulopsis,NA,2,21
Phegopteris,NA,1,25
Phellodendron,NA,3,2
Phenax,NA,1,28
Philadelphus,NA,8,45
Phillyrea,NA,1,2
Philodendron,NA,9,539
Phlebodium,NA,1,3
Phlomoides,NA,1,170
Phoenix,NA,4,13
Pholiurus,NA,1,1
Phormium,NA,2,2
Phragmites,NA,2,4
Phryma,NA,1,3
Phuopsis,NA,1,1
Phycella,NA,1,13
Phygelius,NA,1,2
Phyllopodium,NA,1,26
Phyllostachys,NA,13,62
Physaria,NA,2,110
Physocarpus,NA,6,9
Physostegia,NA,4,12
Phytolacca,NA,10,25
Picnomon,NA,1,1
Picris,NA,6,46
Pieris,NA,2,9
Pilea,NA,8,604
Pimenta,NA,2,19
Pinanga,NA,1,142
Pinellia,NA,1,10
Piper,NA,10,2176
Piptatherum,NA,2,29
Piptochaetium,NA,6,35
Pipturus,NA,1,30
Piriqueta,NA,1,46
Piscidia,NA,1,7
Pistia,NA,1,1
Pityopsis,NA,1,12
Plagianthus,NA,1,3
Plagiobothrys,NA,8,64
Planodes,NA,1,2
Platanus,NA,3,10
Platostoma,NA,1,45
Platycapnos,NA,1,3
Platycladus,NA,1,1
Platycodon,NA,1,1
Plecostachys,NA,1,2
Plectranthus,NA,20,139
Pleioblastus,NA,5,25
Pleiostachya,NA,1,3
Pleurothyrium,NA,1,48
Pluchea,NA,10,61
Plumbago,NA,3,23
Podachaenium,NA,1,6
Podalyria,NA,1,18
Podophyllum,NA,2,17
Podranea,NA,1,2
Pogonarthria,NA,1,4
Pogonatherum,NA,1,4
Pogostemon,NA,3,89
Polyalthia,NA,2,92
Polycarena,NA,1,17
Polycarpaea,NA,2,74
Polycarpon,NA,4,8
Polycnemum,NA,3,6
Polypremum,NA,1,1
Polyscias,NA,6,173
Polysphaeria,NA,1,24
Polytrias,NA,1,1
Pomaria,NA,1,16
Pongamia,NA,1,1
Pontederia,NA,8,25
Porana,NA,1,2
Poranopsis,NA,1,3
Porophyllum,NA,2,31
Portulaca,NA,12,154
Portulacaria,NA,1,7
Posidonia,NA,1,9
Posoqueria,NA,1,22
Pouteria,NA,3,222
Pouzolzia,NA,1,57
Praxelis,NA,1,19
Premna,NA,2,129
Prenanthes,NA,1,10
Priva,NA,1,23
Proboscidea,NA,2,7
Proiphys,NA,1,5
Prostanthera,NA,1,104
Protea,NA,2,106
Psathyrostachys,NA,1,10
Psephellus,NA,1,111
Pseudabutilon,NA,1,19
Pseudanamomis,NA,1,1
Pseudarthria,NA,1,7
Pseudechinolaena,NA,1,6
Pseudelephantopus,NA,1,2
Pseuderanthemum,NA,3,129
Pseudofumaria,NA,2,2
Pseudognaphalium,NA,5,106
Pseudogynoxys,NA,1,15
Pseudomuscari,NA,1,7
Pseudomussaenda,NA,1,5
Pseudosasa,NA,4,20
Pseudotsuga,NA,2,4
Psophocarpus,NA,2,9
Psoralea,NA,5,63
Psychotria,NA,3,1627
Ptelea,NA,1,3
Pteridium,NA,1,18
Pterocarpus,NA,4,41
Pterocarya,NA,1,6
Pterocaulon,NA,1,26
Pterolepis,NA,1,15
Ptychosperma,NA,2,29
Pueraria,NA,5,18
Pulicaria,NA,4,86
Pultenaea,NA,1,125
Punica,NA,1,2
Pupalia,NA,3,4
Purshia,NA,2,7
Puschkinia,NA,2,3
Pycnanthemum,NA,4,19
Pycnostachys,NA,1,1
Pyracantha,NA,7,9
Pyrostegia,NA,1,2
Pyrrhopappus,NA,2,4
Pyrularia,NA,1,2
Quassia,NA,1,15
Radermachera,NA,1,17
Radiola,NA,1,1
Raphanus,NA,4,1
Raphia,NA,1,22
Rapistrum,NA,2,2
Ratibida,NA,4,7
Ravenala,NA,1,1
Rehmannia,NA,1,7
Reineckea,NA,1,1
Reinwardtia,NA,1,4
Retama,NA,3,5
Reutealis,NA,1,1
Rhagadiolus,NA,1,2
Rhaphiolepis,NA,4,10
Rhapis,NA,2,11
Rhexia,NA,1,11
Rhinacanthus,NA,1,26
Rhipsalis,NA,1,43
Rhodanthe,NA,1,46
Rhodomyrtus,NA,1,21
Rhodotypos,NA,1,1
Rhopalephora,NA,1,4
Rhynchosia,NA,7,260
Richardia,NA,6,17
Ricinus,NA,1,1
Ridolfia,NA,1,1
Rivina,NA,1,1
Rochelia,NA,1,22
Rodgersia,NA,1,5
Roella,NA,1,22
Rolandra,NA,1,1
Roldana,NA,1,63
Romneya,NA,2,2
Rosenbergiodendron,NA,1,4
Roseodendron,NA,1,2
Rostraria,NA,3,12
Rotala,NA,6,72
Rotheca,NA,3,35
Rothia,NA,1,2
Rothmannia,NA,1,23
Rottboellia,NA,3,24
Rousselia,NA,1,4
Roystonea,NA,2,10
Rubia,NA,2,88
Rudbeckia,NA,16,24
Rudgea,NA,1,143
Ruellia,NA,12,362
Rumohra,NA,1,10
Rungia,NA,1,82
Ruppia,NA,1,11
Ruschia,NA,3,207
Russelia,NA,2,46
Ruta,NA,4,10
Rytidosperma,NA,11,73
Sabatia,NA,2,21
Sacciolepis,NA,3,26
Sageretia,NA,1,36
Salmea,NA,1,11
Salpichroa,NA,1,18
Salpiglossis,NA,1,3
Salvadora,NA,1,5
Salvinia,NA,4,12
Samolus,NA,2,14
Sanchezia,NA,2,56
Sandoricum,NA,1,5
Sanicula,NA,3,47
Sannantha,NA,1,16
Santalum,NA,1,17
Santolina,NA,2,25
Sanvitalia,NA,2,7
Sapindus,NA,3,13
Sapium,NA,2,27
Saponaria,NA,4,40
Saribus,NA,1,9
Sasa,NA,3,45
Sauromatum,NA,1,10
Saururus,NA,1,2
Sauvagesia,NA,1,52
Scadoxus,NA,1,9
Scandix,NA,1,11
Schefflera,NA,6,461
Schenkia,NA,1,6
Schinus,NA,5,32
Schisandra,NA,1,26
Schismus,NA,2,5
Schizachyrium,NA,5,66
Schizanthus,NA,1,13
Schizolobium,NA,1,1
Schizopepon,NA,1,8
Schizostachyum,NA,2,68
Schkuhria,NA,2,2
Schlagintweitia,NA,2,3
Schleichera,NA,1,1
Schmidtia,NA,1,2
Schotia,NA,1,4
Schwenckia,NA,1,21
Scilla,NA,14,89
Scirpoides,NA,1,4
Scleria,NA,3,258
Sclerocarpus,NA,1,9
Sclerochloa,NA,1,3
Sclerophylax,NA,1,14
Scolochloa,NA,1,1
Scolopia,NA,1,45
Scoparia,NA,2,11
Scopolia,NA,1,3
Scorpiurus,NA,1,3
Scorzonera,NA,4,190
Searsia,NA,1,110
Sebaea,NA,2,51
Secale,NA,3,9
Securigera,NA,4,14
Seemannia,NA,1,4
Selago,NA,2,191
Selenicereus,NA,8,27
Selinum,NA,1,11
Semiaquilegia,NA,1,4
Semiarundinaria,NA,1,8
Sequoia,NA,1,1
Sequoiadendron,NA,1,1
Sericocarpus,NA,1,5
Serissa,NA,1,1
Serjania,NA,1,252
Sesamoides,NA,1,7
Sesamum,NA,5,31
Sesbania,NA,13,61
Sesuvium,NA,4,13
Setaria,NA,25,136
Shepherdia,NA,1,3
Sherardia,NA,1,1
Shibataea,NA,1,7
Shinnersia,NA,1,1
Shortia,NA,1,6
Sibbaldianthe,NA,1,7
Sibthorpia,NA,1,5
Sicana,NA,1,4
Sicyos,NA,3,64
Sida,NA,19,252
Sidalcea,NA,3,31
Sidastrum,NA,2,8
Sideroxylon,NA,2,81
Sigesbeckia,NA,4,11
Silphium,NA,9,13
Silybum,NA,1,2
Simaba,NA,1,5
Sinacalia,NA,1,3
Sinapis,NA,4,4
Sindora,NA,1,20
Sinobambusa,NA,1,13
Sison,NA,1,2
Sisymbrella,NA,1,2
Sisymbrium,NA,15,49
Sisyrinchium,NA,18,205
Sium,NA,3,10
Smallanthus,NA,1,22
Smilax,NA,5,262
Smithia,NA,1,19
Smyrnium,NA,2,5
Solandra,NA,2,11
Soleirolia,NA,1,1
Solenogyne,NA,2,3
Solenopsis,NA,1,8
Soliva,NA,4,6
Sophora,NA,4,62
Sorbaria,NA,3,4
Sorghastrum,NA,2,20
Sorindeia,NA,1,10
Soymida,NA,1,1
Sparaxis,NA,6,15
Spartium,NA,1,1
Spathiphyllum,NA,1,52
Spathodea,NA,1,1
Spergula,NA,4,12
Spermacoce,NA,15,291
Spermolepis,NA,3,11
Sphaeralcea,NA,4,49
Sphaeranthus,NA,1,39
Sphaerophysa,NA,1,2
Sphaeropteris,NA,1,106
Sphallerocarpus,NA,1,1
Sphenoclea,NA,1,2
Sphenodesme,NA,1,15
Sphenopus,NA,1,2
Spigelia,NA,1,96
Spilanthes,NA,3,10
Spinacia,NA,2,3
Spirodela,NA,3,4
Spondias,NA,3,18
Staphylea,NA,1,24
Steinchisma,NA,2,7
Stemodia,NA,4,52
Stenanthium,NA,1,6
Stenocarpus,NA,1,22
Stenocereus,NA,1,22
Stenochlaena,NA,1,5
Stenotaphrum,NA,3,7
Stephanomeria,NA,1,18
Sterculia,NA,2,178
Stereospermum,NA,1,26
Sternbergia,NA,1,8
Stevia,NA,3,270
Stictocardia,NA,1,12
Stigmaphyllon,NA,2,119
Stipagrostis,NA,2,56
Stokesia,NA,1,1
Stratiotes,NA,1,1
Strelitzia,NA,2,5
Streptocarpus,NA,1,179
Streptosolen,NA,1,1
Striga,NA,5,53
Strobilanthes,NA,4,449
Stromanthe,NA,1,20
Strophanthus,NA,1,39
Strophostyles,NA,2,3
Struchium,NA,1,1
Strychnos,NA,2,204
Stuartina,NA,2,2
Stylophorum,NA,1,3
Stylosanthes,NA,7,40
Styphnolobium,NA,1,8
Styrax,NA,2,126
Succisa,NA,1,3
Succisella,NA,1,5
Succowia,NA,1,1
Symphoricarpos,NA,4,13
Symplocos,NA,1,403
Syncarpia,NA,1,3
Synedrella,NA,1,1
Synedrellopsis,NA,1,1
Syngonium,NA,3,39
Syringa,NA,12,12
Tabernaemontana,NA,4,123
Tacca,NA,1,17
Tadehagi,NA,2,6
Taeniatherum,NA,1,1
Tagetes,NA,7,48
Talinum,NA,2,29
Tamarindus,NA,1,1
Tanacetum,NA,10,136
Tarlmounia,NA,1,1
Taxandria,NA,3,11
Taxodium,NA,2,1
Taxus,NA,2,12
Tecoma,NA,6,7
Tecomella,NA,1,1
Tectona,NA,1,3
Teesdalia,NA,2,3
Telekia,NA,1,1
Telipogon,NA,1,241
Tellima,NA,1,1
Teramnus,NA,2,8
Tetraclinis,NA,1,1
Tetradenia,NA,1,20
Tetradium,NA,2,10
Tetragonia,NA,5,51
Tetraneuris,NA,1,9
Tetrapanax,NA,1,1
Tetrapteron,NA,1,2
Tetrastigma,NA,1,135
Tetrazygia,NA,1,20
Thalia,NA,2,6
Thamnocalamus,NA,1,4
Thapsia,NA,1,20
Thelepogon,NA,1,1
Thelesperma,NA,1,13
Themeda,NA,6,30
Theobroma,NA,1,20
Thermopsis,NA,4,27
Thesium,NA,1,340
Thespesia,NA,1,14
Thevetia,NA,1,3
Thladiantha,NA,1,25
Thlaspi,NA,7,9
Thuarea,NA,1,2
Thuja,NA,2,5
Thunbergia,NA,8,151
Thymophylla,NA,3,13
Thysanolaena,NA,1,1
Tiarella,NA,1,3
Tibouchina,NA,4,205
Tidestromia,NA,1,6
Tigridia,NA,1,59
Tilesia,NA,1,3
Tinantia,NA,1,13
Tinospora,NA,1,35
Tipuana,NA,1,1
Tiquilia,NA,1,28
Tithonia,NA,3,12
Tolmiea,NA,1,2
Toona,NA,2,6
Tordylium,NA,2,20
Torenia,NA,4,68
Torilis,NA,6,15
Torreya,NA,1,6
Tournefortia,NA,2,100
Trachelospermum,NA,2,9
Trachyandra,NA,1,60
Trachycarpus,NA,1,10
Trachypogon,NA,1,4
Trachyspermum,NA,1,20
Trachystemon,NA,1,1
Tragus,NA,5,7
Trapa,NA,2,8
Trema,NA,3,19
Trembleya,NA,1,20
Triadica,NA,1,3
Trianoptiles,NA,1,3
Triantha,NA,1,4
Trianthema,NA,2,29
Tribolium,NA,4,16
Tribulus,NA,3,32
Trichodesma,NA,2,38
Trichoneura,NA,1,8
Trichosanthes,NA,2,103
Tricyrtis,NA,2,21
Tridax,NA,1,34
Triglochin,NA,4,26
Trigonotis,NA,1,66
Trimezia,NA,4,75
Triodanis,NA,4,6
Triphasia,NA,1,3
Triphysaria,NA,1,6
Triplaris,NA,3,19
Triplasis,NA,1,2
Tripleurospermum,NA,5,40
Tripolium,NA,1,2
Tripsacum,NA,5,14
Triraphis,NA,2,8
Trisetaria,NA,1,14
Trisetum,NA,4,65
Tristagma,NA,1,16
Tristellateia,NA,1,21
Tristemma,NA,1,15
Tristerix,NA,1,13
Tritonia,NA,3,28
Triumfetta,NA,7,179
Tropidocarpum,NA,1,4
Tulbaghia,NA,1,28
Turgenia,NA,1,2
Turnera,NA,3,134
Turritis,NA,1,3
Tussilago,NA,1,1
Tynanthus,NA,1,15
Typhonium,NA,4,80
Typhonodorum,NA,1,1
Ugni,NA,1,4
Umbellularia,NA,1,1
Umbilicus,NA,1,16
Uncaria,NA,1,36
Uniola,NA,1,5
Uraria,NA,2,22
Urena,NA,3,8
Urochloa,NA,31,82
Urochondra,NA,1,1
Urospermum,NA,2,2
Ursinia,NA,2,45
Utricularia,NA,8,259
Valantia,NA,1,7
Valerianella,NA,13,32
Vallaris,NA,1,3
Vallisneria,NA,4,14
Vangueria,NA,1,58
Vanilla,NA,2,131
Vellereophyton,NA,1,7
Vellosiella,NA,1,3
Ventenata,NA,1,8
Verbesina,NA,5,350
Vernicia,NA,3,3
Vernoniastrum,NA,1,13
Veronicastrum,NA,1,19
Vestia,NA,1,1
Viburnum,NA,22,192
Vigna,NA,26,105
Viguiera,NA,1,19
Vinca,NA,4,7
Viscum,NA,1,114
Vitex,NA,7,203
Vittadinia,NA,5,24
Vittaria,NA,1,26
Volkameria,NA,4,10
Volutaria,NA,1,16
Wachendorfia,NA,1,4
Wahlenbergia,NA,6,262
Waldsteinia,NA,2,6
Waltheria,NA,1,54
Washingtonia,NA,2,2
Wedelia,NA,5,128
Westringia,NA,2,32
Wigandia,NA,1,6
Wissadula,NA,3,38
Wisteria,NA,3,6
Withania,NA,1,20
Wolffia,NA,3,11
Wolffiella,NA,2,10
Wollastonia,NA,1,21
Wrightia,NA,1,33
Xanthisma,NA,3,20
Xanthium,NA,10,3
Xanthorhiza,NA,1,1
Xanthosoma,NA,4,195
Xantolis,NA,1,14
Xeranthemum,NA,1,4
Xerochrysum,NA,2,13
Ximenia,NA,1,11
Xiphidium,NA,1,2
Xylosma,NA,1,103
Xyris,NA,4,381
Youngia,NA,1,40
Yushania,NA,1,85
Zaleya,NA,1,6
Zaluzianskya,NA,1,57
Zantedeschia,NA,2,8
Zanthoxylum,NA,1,222
Zapoteca,NA,1,23
Zea,NA,4,6
Zehneria,NA,1,66
Zelkova,NA,2,6
Zeltnera,NA,2,26
Zephyranthes,NA,14,187
Zeuxine,NA,1,80
Zingiber,NA,5,194
Zinnia,NA,5,21
Zizania,NA,4,4
Ziziphus,NA,2,78
Zornia,NA,6,90
Zostera,NA,2,15
Zygophyllum,NA,2,122
