genus,n_hyb,n_neo
Abelmoschus,1,5
Abies,1,14
Abolboda,1,NA
Abronia,2,NA
Acacia,5,80
Acaena,1,5
Acalypha,3,19
Acantholimon,1,NA
Acer,9,26
Achillea,49,22
Aconitum,23,8
Actaea,1,3
Adenandra,1,NA
Adenanthos,2,NA
Adenocarpus,1,1
Adenophora,1,3
Adenostyles,2,NA
Adiantum,7,9
Adonis,1,5
Aegilops,1,7
Aeonium,47,7
Aerangis,3,NA
Aerides,1,NA
Aesculus,5,6
Agave,5,18
Agrimonia,2,7
Agropyron,1,6
Agrostis,16,17
Aichryson,5,1
Ajuga,6,6
Akebia,1,1
Aletris,1,NA
Alisma,3,3
Alkanna,1,NA
Allium,1,39
Alnus,8,11
Alocasia,1,5
Aloe,13,13
Alopecurus,6,11
Alpinia,2,9
Alsophila,4,NA
Althaea,1,6
Amaranthus,10,36
Ambrosia,3,12
Amelanchier,3,6
Amorpha,1,2
Anacamptis,39,NA
Anacyclus,3,3
Anarrhinum,1,1
Anchusa,2,11
Andropogon,6,8
Androsace,6,4
Andryala,5,1
Anemia,9,NA
Anemone,3,17
Anemonoides,3,NA
Angelica,1,7
Angophora,2,1
Anguloa,4,NA
Anisodontea,1,1
Anisomeles,1,3
Anthemis,1,6
Anthericum,1,1
Anthoxanthum,1,5
Anthurium,1,3
Anthyllis,2,4
Antidesma,1,2
Antirrhinum,5,3
Apocynum,1,1
Aquilegia,3,6
Arabis,1,8
Arachniodes,15,2
Arachnis,1,NA
Aragoa,4,NA
Arbutus,2,2
Arctium,8,3
Arctostaphylos,7,NA
Ardisia,1,6
Arenaria,1,5
Argemone,1,7
Argyroderma,1,NA
Argyroxiphium,1,NA
Aria,2,NA
Ariocarpus,1,NA
Arisarum,1,2
Aristolochia,3,16
Aristotelia,1,1
Armeria,5,3
Aronia,1,2
Artemisia,2,50
Arum,1,4
Asclepias,3,10
Asimina,7,1
Asperula,2,4
Asplenium,111,6
Aster,1,10
Astilbe,2,2
Athrotaxis,1,NA
Athyrium,61,2
Atriplex,7,47
Atropa,1,1
Attalea,4,NA
Aubrieta,1,2
Babiana,1,4
Baccharis,31,5
Bactris,1,1
Balsamorhiza,3,NA
Baptisia,7,6
Barbacenia,1,NA
Barbarea,3,5
Begonia,8,21
Berberis,5,18
Betula,26,8
Bidens,1,27
Billbergia,1,1
Bistorta,1,NA
Blechnum,6,6
Bletia,3,NA
Blitum,1,3
Boechera,1,1
Boehmeria,3,5
Bolbitis,5,NA
Bornmuellera,1,NA
Botrychium,7,NA
Brachychiton,7,2
Brachyglottis,5,3
Brachypodium,4,4
Brachystegia,1,NA
Bromus,15,44
Brongniartia,2,NA
Broughtonia,2,NA
Broussonetia,1,1
Brugmansia,2,5
Bruguiera,3,2
Buddleja,3,16
Bulbophyllum,3,NA
Bupleurum,1,10
Byrsonima,2,NA
Bystropogon,3,NA
Caladenia,20,NA
Calamagrostis,32,5
Calanthe,7,NA
Calceolaria,1,4
Calliandra,1,4
Callicarpa,2,4
Calligonum,8,NA
Callitriche,2,11
Calochortus,1,NA
Caltha,1,1
Calystegia,6,9
Camellia,1,3
Campanula,10,34
Cantinoa,1,NA
Capsella,1,4
Cardamine,16,18
Carduus,29,9
Carex,238,114
Carlina,3,4
Carpinus,1,2
Carthamus,2,7
Carya,9,6
Cassia,1,11
Cassinia,2,1
Cassiope,1,NA
Castanea,1,5
Castilleja,2,5
Catasetum,28,NA
Cattleya,95,NA
Ceanothus,12,1
Celmisia,8,NA
Cenchrus,2,27
Centaurea,36,44
Centaurium,4,7
Cephalanthera,6,NA
Cerastium,7,24
Chamaecrista,2,13
Chenopodium,28,46
Chiloglottis,1,NA
Chloraea,1,NA
Chloris,1,16
Chrysanthemum,3,4
Cibotium,1,NA
Cicerbita,1,NA
Cinchona,1,3
Cinnamomum,1,4
Circaea,8,1
Cirsium,37,28
Cissus,1,9
Cistus,33,10
Citharexylum,2,4
Citrus,4,10
Cladocolea,1,NA
Cleome,1,18
Clermontia,2,NA
Clethra,1,3
Cliffortia,1,NA
Clinopodium,6,11
Clivia,1,2
Cloezia,1,NA
Clutia,1,1
Coccoloba,3,1
Coccothrinax,1,1
Cochlearia,1,5
Codia,1,NA
Coffea,1,5
Colutea,1,3
Combretum,1,3
Comparettia,1,NA
Congea,1,2
Conophytum,2,NA
Convolvulus,8,7
Copernicia,7,1
Copiapoa,1,NA
Coprosma,8,3
Cordyline,2,4
Coriaria,2,1
Corispermum,3,11
Cornus,5,9
Corokia,1,NA
Correa,2,1
Corybas,2,NA
Corydalis,5,10
Corylus,1,4
Corymbia,3,6
Cota,1,3
Cotoneaster,3,90
Cousinia,10,NA
Crambe,1,4
Crassula,3,31
Crataegus,54,31
Crepidiastrum,3,NA
Crinum,1,6
Crocosmia,1,4
Crocus,4,20
Cruciata,1,3
Cryptocoryne,11,3
Cucurbita,1,6
Cunonia,3,NA
Cyathea,4,1
Cycas,2,2
Cyclamen,1,4
Cylindropuntia,11,8
Cymbidium,16,3
Cynara,2,3
Cynodon,1,7
Cynoglossum,3,10
Cynorkis,2,NA
Cyperus,5,108
Cypripedium,8,NA
Cyrtandra,39,NA
Cyrtochilum,1,NA
Cyrtopodium,1,1
Cystopteris,5,2
Cytisus,4,12
Dacrydium,1,NA
Dactylorhiza,107,1
Damnacanthus,1,NA
Danthonia,1,4
Daphne,9,3
Delphinium,6,3
Dendrobium,20,4
Dendrophthoe,1,NA
Deparia,6,2
Desmodium,1,34
Deutzia,1,4
Dialypetalum,1,NA
Dianthus,18,17
Dichelostemma,1,1
Dichoropetalum,1,NA
Dicranopteris,1,2
Digitalis,6,5
Dioscorea,1,11
Diospyros,1,10
Dipcadi,1,NA
Diplacus,2,NA
Diplazium,12,2
Diplotaxis,2,6
Dipsacus,1,4
Disa,4,1
Discaria,1,NA
Disporum,1,NA
Diuris,5,NA
Dombeya,1,1
Domingoa,1,NA
Doronicum,7,6
Draba,36,10
Dracophyllum,8,NA
Dracula,3,NA
Drosera,15,8
Dryas,3,NA
Drymocallis,2,NA
Drynaria,1,NA
Dryopteris,83,5
Duabanga,1,NA
Dubautia,3,NA
Dudleya,1,NA
Duranta,4,1
Dysphania,2,11
Echeveria,1,4
Echinocereus,3,NA
Echinopsis,1,5
Echium,3,15
Edraianthus,3,NA
Elaeagnus,3,7
Elaphoglossum,5,NA
Elatostema,1,NA
Eleocharis,7,25
Elymus,19,30
Emilia,1,4
Encyclia,23,1
Endiandra,1,1
Ephedra,2,4
Epidendrum,9,2
Epilobium,77,25
Epimedium,3,2
Epipactis,28,3
Equisetum,26,8
Eragrostis,1,54
Eremurus,6,1
Erepsia,1,1
Erica,8,23
Ericameria,3,2
Erigeron,4,27
Eriobotrya,1,1
Eriocaulon,1,7
Eriochrysis,1,1
Eriocoma,1,NA
Eriogonum,3,3
Eriophorum,7,1
Eriosema,3,NA
Erodium,4,19
Eryngium,8,14
Erysimum,2,15
Erythranthe,3,NA
Erythrina,4,15
Erythroxylum,1,2
Escallonia,8,3
Espeletia,17,NA
Eucalyptus,76,71
Eucryphia,2,NA
Eulophia,2,3
Eupatorium,1,10
Euphorbia,42,104
Euphrasia,29,5
Eurybia,1,3
Exochorda,1,1
Fagus,1,1
Fallopia,1,6
Festuca,21,33
Ficinia,1,NA
Filago,1,7
Filipendula,2,5
Fimbristylis,2,19
Forsteronia,1,NA
Forsythia,1,3
Fragaria,5,6
Frangula,1,3
Fraxinus,5,18
Fritillaria,2,5
Fuchsia,3,9
Fumana,1,NA
Fumaria,4,18
Gaertnera,1,NA
Gagea,8,5
Galactites,1,1
Galanthus,4,8
Galatella,4,3
Galeopsis,6,7
Galium,28,34
Garcinia,1,5
Gastrodia,1,1
Gaultheria,4,3
Genista,10,13
Gentiana,15,10
Gentianella,4,NA
Geum,10,7
Gladiolus,3,17
Glechoma,1,2
Gleditsia,1,3
Gleichenia,1,NA
Globba,1,2
Globularia,3,1
Glyceria,6,10
Gomesa,8,NA
Goodyera,1,1
Grevillea,1,8
Guarianthe,1,NA
Gunnera,1,3
Guzmania,2,2
Gymnadenia,22,1
Gymnocalycium,1,NA
Gymnocarpium,4,NA
Gypsophila,2,13
Haageocereus,1,NA
Haworthiopsis,2,NA
Hedera,1,5
Hedychium,1,4
Hedysarum,3,1
Helianthemum,29,1
Helianthus,11,26
Helichrysum,2,9
Heliconia,5,6
Helictochloa,1,NA
Helictotrichon,1,4
Helleborus,2,6
Helosciadium,1,NA
Hemerocallis,2,5
Hemionitis,1,3
Hemipilia,1,NA
Hepatica,1,1
Heracleum,2,4
Herniaria,2,5
Heterocaryum,1,1
Heuchera,1,1
Hibiscadelphus,1,NA
Hibiscus,2,27
Hieracium,32,55
Himantoglossum,1,NA
Hippophae,1,NA
Hoheria,1,1
Holcus,1,4
Hordeum,3,19
Hosta,2,2
Hoya,1,1
Huernia,1,NA
Huperzia,8,NA
Hyacinthoides,1,6
Hydrangea,2,7
Hydrocotyle,1,14
Hylotelephium,1,3
Hymenophyllum,2,NA
Hypericum,14,48
Hypolepis,2,2
Ilex,5,8
Impatiens,3,9
Inga,1,12
Inula,1,8
Ipomoea,1,55
Iris,18,31
Isabelia,1,NA
Ismene,1,1
Isodon,5,NA
Isoetes,19,1
Ixeris,2,1
Jacobaea,7,6
Jasminum,1,17
Jatropha,2,8
Juglans,2,9
Juncus,22,69
Juniperus,5,14
Kalanchoe,8,19
Kickxia,1,7
Klasea,1,1
Knautia,11,3
Kniphofia,2,2
Koeleria,2,3
Koenigia,1,NA
Kohleria,1,NA
Kunzea,2,3
Laburnum,1,2
Lachnagrostis,2,NA
Laelia,4,1
Lamium,2,10
Landolphia,1,NA
Lantana,14,12
Larix,1,6
Lasiopetalum,1,NA
Lathyrus,1,33
Lavandula,10,6
Leontodon,3,4
Lepanthes,2,NA
Leptochilus,2,NA
Leptopteris,1,NA
Lespedeza,16,13
Leucaena,2,6
Leucanthemum,6,4
Lewisia,1,NA
Leymus,8,12
Liatris,9,8
Ligularia,1,4
Lilium,2,11
Limnophila,1,5
Limonium,14,13
Linaria,10,20
Lindsaea,1,1
Liparis,1,NA
Lipochaeta,1,NA
Lobelia,3,17
Lolium,10,6
Lomariopsis,1,NA
Lonicera,4,29
Lophomyrtus,1,NA
Lotus,4,24
Ludwigia,2,23
Luehea,1,1
Lumnitzera,1,1
Lupinus,5,19
Luzula,20,8
Lycaste,13,NA
Lycium,2,6
Lycopodiella,4,3
Lycopodium,5,NA
Lycopus,2,3
Lycoris,3,2
Lygodium,2,3
Lysimachia,4,18
Machaerium,1,1
Macrocarpaea,2,NA
Macrothelypteris,1,1
Magnolia,7,12
Maianthemum,1,2
Malcolmia,1,4
Malus,7,15
Malva,10,18
Mammillaria,1,NA
Mantisalca,1,1
Marrubium,3,2
Masdevallia,8,NA
Maxillaria,3,NA
Medicago,6,34
Melaleuca,3,21
Melampyrum,4,2
Melastoma,1,2
Melica,5,5
Melicope,1,1
Melicytus,1,NA
Melilotus,2,16
Melocactus,2,NA
Mentha,15,14
Mercurialis,2,2
Metrosideros,1,2
Mickelia,1,NA
Microlepia,5,2
Microloma,1,1
Micromeria,16,1
Miltonia,8,NA
Minuartiella,1,NA
Mirabilis,2,7
Miscanthus,1,4
Mitella,1,NA
Moehringia,2,1
Moltkia,1,NA
Monanthes,3,NA
Monarda,1,10
Monardella,1,NA
Monotrema,1,NA
Mormodes,1,NA
Mosiera,1,NA
Muhlenbergia,1,19
Musa,3,9
Myosotis,10,18
Myrceugenia,2,NA
Myrmecophila,3,1
Narcissus,75,20
Nasturtium,1,3
Navarretia,1,2
Neotinea,3,NA
Neottia,1,1
Nepenthes,8,NA
Nepeta,3,8
Nephrolepis,5,10
Nerine,1,4
Noccaea,1,NA
Nonea,1,8
Nothofagus,4,2
Nothoscordum,1,2
Nuphar,4,4
Nymphaea,5,10
Nymphoides,1,5
Oberonia,1,NA
Ocimum,1,4
Oclemena,1,NA
Odontites,1,NA
Oenocarpus,1,NA
Oenothera,7,46
Olearia,1,5
Omalotheca,1,NA
Oncidium,31,1
Onobrychis,2,3
Ononis,1,6
Onopordum,8,6
Onosma,1,NA
Onychium,1,1
Ophioglossum,3,1
Ophrys,148,NA
Opuntia,16,35
Orchis,55,NA
Origanum,16,5
Ornithogalum,3,10
Ornithopus,1,4
Osmolindsaea,1,NA
Osmunda,1,1
Ouratea,1,NA
Owenia,1,NA
Oxybasis,1,NA
Oxytropis,4,2
Packera,1,2
Paeonia,8,3
Palmeria,1,NA
Paloue,1,NA
Pancheria,2,NA
Panicum,1,37
Papaver,11,20
Paphiopedilum,37,1
Parasenecio,4,NA
Parkinsonia,2,2
Parodia,1,2
Parsonsia,1,NA
Passiflora,2,37
Paulownia,1,1
Pectis,1,4
Pedicularis,24,2
Pelargonium,1,17
Penstemon,7,16
Pentanema,1,1
Peperomia,2,3
Pericallis,1,1
Persicaria,11,40
Persoonia,3,NA
Pertya,2,NA
Pescatoria,3,NA
Petasites,2,8
Petrocosmea,1,NA
Petrosedum,10,NA
Phagnalon,2,NA
Phalaenopsis,9,NA
Phalaris,1,11
Phaseolus,1,4
Phedimus,1,NA
Phleum,2,7
Phlomis,23,2
Phlox,2,12
Photinia,1,6
Phragmipedium,7,NA
Phthirusa,1,NA
Phyla,1,4
Phyllanthus,3,23
Phyllodoce,2,NA
Phyllostegia,1,NA
Physalis,1,28
Phyteuma,5,4
Picea,4,10
Pilosella,24,13
Pilosocereus,2,NA
Pimelea,1,1
Pimpinella,2,6
Pinguicula,4,1
Pinus,16,47
Pistacia,1,3
Pithecellobium,1,2
Pittosporum,3,8
Pityrogramma,3,3
Plagiogyria,3,NA
Plantago,2,42
Platanthera,16,NA
Platycerium,1,1
Pleione,8,NA
Pleiospilos,1,NA
Pleopeltis,8,1
Plumeria,1,4
Poa,27,27
Podocarpus,1,3
Polemonium,2,3
Pollia,2,NA
Polygala,4,12
Polygonatum,8,4
Polygonum,2,29
Polypodium,8,3
Polypogon,1,8
Polystachya,1,1
Polystichopsis,1,NA
Polystichum,59,7
Populus,29,14
Potamogeton,74,12
Potentilla,48,45
Primula,42,12
Proserpinaca,1,1
Prosopis,1,12
Prosthechea,2,NA
Prunella,5,3
Prunus,47,45
Pseudolaelia,1,NA
Pseudostellaria,2,NA
Psidium,1,4
Psilotum,1,1
Psychilis,2,NA
Psylliostachys,3,NA
Pteris,5,11
Pterostylis,6,NA
Ptilostemon,4,3
Puccinellia,6,14
Pulmonaria,8,7
Pulsatilla,11,NA
Puya,1,NA
Pyrola,1,NA
Pyrrosia,1,1
Pyrus,3,8
Quelchia,1,NA
Quercus,187,26
Ranunculus,38,49
Raoulia,1,NA
Raukaua,2,NA
Rauvolfia,1,4
Reichardia,3,2
Reseda,1,7
Reynoutria,1,4
Rhamnus,6,8
Rheum,1,3
Rhinanthus,12,4
Rhizophora,5,2
Rhodanthemum,1,NA
Rhododendron,69,18
Rhus,2,7
Rhynchospora,1,9
Rhynchostele,2,NA
Ribes,3,13
Rinorea,1,NA
Robinia,3,6
Rodriguezia,1,NA
Romulea,6,8
Rondeletia,2,NA
Rorippa,15,17
Rosa,106,44
Rosularia,3,NA
Rubus,65,94
Rumex,105,59
Ruscus,1,3
Sabal,1,1
Saccharum,1,7
Sagina,4,12
Sagittaria,1,12
Salacia,1,NA
Salicornia,1,4
Salix,212,36
Salsola,1,9
Salvia,28,47
Sambucus,1,7
Sanguisorba,4,9
Sarracenia,30,4
Satureja,4,2
Satyrium,2,NA
Saussurea,4,2
Saxifraga,90,13
Scabiosa,2,4
Scaevola,1,1
Schizaea,1,1
Schizogyne,1,NA
Schoenoplectiella,8,8
Schoenoplectus,7,5
Schoenus,1,1
Scirpus,2,8
Scleranthus,2,3
Sclerolaena,1,3
Scolymus,1,3
Scorzoneroides,3,5
Scrophularia,3,9
Scutellaria,5,12
Sedum,8,42
Selaginella,2,12
Sempervivum,15,6
Senecio,22,49
Senegalia,3,2
Senna,1,37
Serapias,38,2
Seringia,1,NA
Serpocaulon,4,NA
Seseli,1,7
Sesleria,1,2
Sideritis,45,3
Silene,7,47
Sobralia,1,1
Solanum,4,107
Soldanella,11,1
Solidago,10,16
Sonchus,7,13
Sonneratia,3,1
Sorbus,2,16
Sorghum,1,7
Sparganium,4,5
Spartina,1,NA
Spathoglottis,1,1
Spergularia,1,11
Sphagneticola,1,2
Sphenopholis,1,3
Spinifex,1,1
Spiraea,8,17
Spiranthes,9,1
Sporobolus,2,45
Stachys,8,23
Stachytarpheta,7,6
Stanhopea,6,NA
Stapelia,1,1
Stellaria,5,15
Stenotis,1,NA
Sticherus,3,NA
Stipa,25,24
Streptopus,1,NA
Stuckenia,3,1
Suaeda,1,8
Suberanthus,2,NA
Succisoknautia,1,NA
Sudamerlycaste,3,NA
Swietenia,1,2
Syagrus,11,1
Symphyotrichum,11,21
Symphytum,6,9
Syzygium,1,12
Tabebuia,2,4
Tacinga,1,NA
Tamarix,1,11
Taraxacum,1,52
Tectaria,5,2
Tephroseris,1,NA
Tephrosia,2,14
Terminalia,1,10
Tetradymia,1,NA
Tetramicra,1,NA
Tetratheca,1,NA
Teucrium,47,10
Thalictrum,5,7
Thelocactus,1,NA
Thelymitra,5,NA
Thelypteris,22,5
Thinopyrum,1,NA
Thymelaea,1,1
Thymus,101,8
Tilia,5,7
Tillandsia,13,10
Tofieldia,1,NA
Tolpis,1,3
Tolumnia,4,NA
Toxicodendron,1,3
Trachelium,1,1
Trachycnemum,1,NA
Tradescantia,1,13
Tragopogon,2,17
Trichocentrum,12,1
Trichomanes,2,1
Trichopilia,1,NA
Tridens,1,4
Trifolium,7,71
Trigonella,2,8
Trillium,5,6
Triosteum,1,NA
Triteleia,1,1
Triticum,1,5
Trochetiopsis,1,NA
Trollius,1,1
Tropaeolum,3,5
Tsuga,1,4
Tuberaria,1,1
Tulipa,1,7
Turbinicarpus,3,NA
Tylecodon,1,NA
Typha,9,6
Ulex,3,3
Ulmus,5,8
Urceolina,1,1
Urtica,1,9
Vaccinium,8,3
Vachellia,5,4
Valeriana,5,10
Vanda,5,1
Vasconcellea,1,1
Veratrum,1,1
Verbascum,295,18
Verbena,15,28
Vernonia,3,8
Veronica,32,51
Verticordia,1,NA
Vicia,3,41
Vincetoxicum,2,4
Viola,112,32
Viscaria,1,NA
Vitis,3,8
Vriesea,3,1
Wallisia,1,NA
Watsonia,1,9
Weigela,1,2
Wikstroemia,1,2
Woodsia,5,NA
Woodwardia,2,1
Wyethia,1,NA
Xanthostemon,1,NA
Yucca,1,5
Zamia,1,1
Zoysia,2,4
Abrus,NA,3
Abutilon,NA,15
Acaciella,NA,1
Acanthocephalus,NA,1
Acanthocereus,NA,1
Acanthospermum,NA,4
Acanthus,NA,4
Acca,NA,1
Achetaria,NA,1
Achimenes,NA,1
Achyranthes,NA,6
Acicarpha,NA,1
Acmella,NA,18
Acmispon,NA,4
Acokanthera,NA,1
Acorus,NA,2
Acrachne,NA,1
Acrocarpus,NA,1
Acroceras,NA,2
Acrocomia,NA,1
Acrostichum,NA,1
Actinidia,NA,5
Actinotus,NA,1
Adansonia,NA,1
Adenanthera,NA,2
Adenium,NA,1
Adenocaulon,NA,1
Adenostemma,NA,4
Adlumia,NA,1
Adonidia,NA,1
Aechmea,NA,2
Aegle,NA,1
Aegopodium,NA,2
Aeluropus,NA,1
Aerva,NA,2
Aeschynomene,NA,16
Aetheorhiza,NA,1
Aethusa,NA,2
Aframomum,NA,1
Afrocanthium,NA,1
Afrocarpus,NA,1
Agalinis,NA,3
Agapanthus,NA,3
Agarista,NA,1
Agastache,NA,3
Agathis,NA,2
Agdestis,NA,1
Ageratina,NA,4
Ageratum,NA,2
Aglaia,NA,2
Aglaonema,NA,2
Agoseris,NA,1
Agropogon,NA,1
Agrostemma,NA,2
Ailanthus,NA,1
Aira,NA,5
Aizoanthemum,NA,1
Aizoon,NA,4
Albizia,NA,9
Albuca,NA,5
Alcea,NA,4
Alchemilla,NA,24
Alchornea,NA,1
Aldama,NA,1
Aldrovanda,NA,1
Aleurites,NA,1
Alhagi,NA,1
Allamanda,NA,3
Alliaria,NA,1
Allmania,NA,1
Allocasuarina,NA,3
Allophylus,NA,1
Alloteropsis,NA,1
Aloysia,NA,2
Alphitonia,NA,1
Alstonia,NA,2
Alstroemeria,NA,2
Alternanthera,NA,13
Alysicarpus,NA,5
Alyssum,NA,11
Amaryllis,NA,1
Amberboa,NA,1
Amblyolepis,NA,1
Amblyopappus,NA,1
Amethystea,NA,1
Amherstia,NA,1
Ammannia,NA,8
Ammi,NA,2
Ammobium,NA,1
Ammocharis,NA,1
Ammoselinum,NA,1
Amomyrtus,NA,1
Amorphophallus,NA,1
Ampelamus,NA,1
Ampelaster,NA,1
Ampelocissus,NA,2
Ampelodesmos,NA,1
Ampelopsis,NA,7
Amphiachyris,NA,1
Amphicarpaea,NA,1
Amphilophium,NA,2
Amsinckia,NA,7
Amsonia,NA,2
Anacardium,NA,1
Anagyris,NA,1
Ananas,NA,2
Anaphalis,NA,1
Andira,NA,1
Andrachne,NA,1
Andrographis,NA,2
Aneilema,NA,1
Anemonella,NA,1
Anemopsis,NA,1
Anethum,NA,1
Angadenia,NA,1
Angelonia,NA,4
Angiopteris,NA,1
Anigozanthos,NA,1
Aniseia,NA,2
Annona,NA,8
Anoda,NA,2
Anodendron,NA,1
Anredera,NA,3
Antennaria,NA,3
Anthephora,NA,2
Anthriscus,NA,3
Antigonon,NA,2
Apera,NA,2
Aphanopetalum,NA,1
Aphanostephus,NA,1
Aphelandra,NA,2
Apios,NA,1
Apium,NA,4
Apluda,NA,1
Apodanthera,NA,1
Apodytes,NA,1
Aponogeton,NA,3
Aposeris,NA,1
Arabidopsis,NA,4
Arachis,NA,5
Aralia,NA,4
Araucaria,NA,5
Araujia,NA,2
Archontophoenix,NA,2
Arctotheca,NA,3
Arctotis,NA,5
Areca,NA,1
Aremonia,NA,1
Arenga,NA,2
Argyranthemum,NA,4
Argyreia,NA,3
Argyrocytisus,NA,1
Arisaema,NA,1
Aristea,NA,3
Aristida,NA,19
Armoracia,NA,1
Arnica,NA,2
Arnoseris,NA,1
Arracacia,NA,1
Arrhenatherum,NA,2
Artabotrys,NA,1
Arthraxon,NA,4
Arthropodium,NA,1
Arthrostemma,NA,1
Artocarpus,NA,4
Aruncus,NA,3
Arundina,NA,1
Arundinaria,NA,1
Arundo,NA,1
Asarina,NA,1
Asarum,NA,3
Askellia,NA,1
Asparagus,NA,13
Asperugo,NA,1
Asphodelus,NA,3
Aspidistra,NA,1
Asteriscus,NA,1
Astraea,NA,1
Astragalus,NA,25
Astranthium,NA,1
Astrantia,NA,2
Astrebla,NA,1
Astripomoea,NA,1
Astrodaucus,NA,1
Asystasia,NA,3
Atalantia,NA,1
Athamanta,NA,1
Athertonia,NA,1
Atractocarpus,NA,1
Atuna,NA,1
Aucuba,NA,1
Auranticarpa,NA,1
Aurinia,NA,3
Austrocylindropuntia,NA,3
Austroeupatorium,NA,1
Avena,NA,10
Averrhoa,NA,2
Avicennia,NA,1
Axonopus,NA,4
Axyris,NA,1
Ayapana,NA,1
Azadirachta,NA,1
Azara,NA,1
Azima,NA,1
Azolla,NA,6
Baccharoides,NA,1
Bacopa,NA,7
Baeometra,NA,1
Balanites,NA,1
Baldellia,NA,1
Ballota,NA,5
Baloghia,NA,1
Baltimora,NA,1
Bambusa,NA,14
Banisteriopsis,NA,1
Banksia,NA,3
Barleria,NA,6
Barringtonia,NA,1
Bartlettina,NA,1
Bartsia,NA,1
Basella,NA,2
Basilicum,NA,1
Bassia,NA,7
Batis,NA,1
Bauhinia,NA,11
Beaucarnea,NA,1
Beaumontia,NA,1
Beckmannia,NA,2
Bellevalia,NA,3
Bellis,NA,1
Benincasa,NA,1
Berchemia,NA,1
Bergenia,NA,1
Bergia,NA,2
Berkheya,NA,2
Berlandiera,NA,1
Berrya,NA,1
Berteroa,NA,2
Bertholletia,NA,1
Berula,NA,1
Beta,NA,3
Bifora,NA,3
Bignonia,NA,2
Billardiera,NA,3
Biophytum,NA,2
Bischofia,NA,1
Bismarckia,NA,1
Bituminaria,NA,1
Bixa,NA,1
Blackstonia,NA,2
Blainvillea,NA,2
Blastania,NA,1
Bletilla,NA,1
Blighia,NA,1
Blumea,NA,9
Blutaparon,NA,1
Blyxa,NA,2
Bocconia,NA,1
Boerhavia,NA,8
Bolboschoenus,NA,4
Boltonia,NA,3
Bomarea,NA,1
Bombax,NA,1
Bonamia,NA,1
Bonellia,NA,1
Bontia,NA,1
Borago,NA,2
Borassus,NA,1
Bothriochloa,NA,11
Bothriospermum,NA,1
Bouchea,NA,2
Bouchetia,NA,1
Bouea,NA,1
Bougainvillea,NA,4
Bouteloua,NA,11
Bowlesia,NA,2
Brachyelytrum,NA,1
Brachylaena,NA,1
Brachyscome,NA,1
Bradburia,NA,2
Brahea,NA,1
Brasiliopuntia,NA,1
Brassica,NA,14
Braya,NA,1
Brexia,NA,1
Breynia,NA,3
Brickellia,NA,1
Bridelia,NA,1
Brillantaisia,NA,3
Briquetia,NA,1
Briza,NA,5
Brodiaea,NA,1
Bromelia,NA,2
Brosimum,NA,1
Browallia,NA,1
Brownea,NA,2
Brunfelsia,NA,5
Brunnera,NA,2
Brunnichia,NA,1
Brya,NA,1
Bryonia,NA,3
Buchnera,NA,1
Bufonia,NA,2
Buglossoides,NA,2
Bulbine,NA,1
Bulbostylis,NA,5
Bunias,NA,2
Bunium,NA,1
Buphthalmum,NA,1
Burchellia,NA,1
Burckella,NA,1
Bursera,NA,1
Butea,NA,1
Butia,NA,1
Butomus,NA,2
Buxus,NA,3
Cabomba,NA,4
Caesalpinia,NA,11
Cajanus,NA,2
Cakile,NA,3
Caladium,NA,2
Calamus,NA,5
Calandrinia,NA,3
Calathea,NA,3
Caldesia,NA,1
Calendula,NA,6
Calepina,NA,1
Calibrachoa,NA,1
Calicotome,NA,1
Calla,NA,1
Callerya,NA,1
Callirhoe,NA,4
Callisia,NA,4
Callistephus,NA,1
Callitris,NA,5
Calluna,NA,1
Calocedrus,NA,1
Calodendrum,NA,1
Caloncoba,NA,1
Calophyllum,NA,4
Calopogonium,NA,3
Calotis,NA,2
Calotropis,NA,2
Calycanthus,NA,3
Calycera,NA,1
Calycocarpum,NA,1
Calyptocarpus,NA,2
Calyptrochilum,NA,1
Camassia,NA,1
Camelina,NA,4
Cameraria,NA,1
Camissonia,NA,2
Camissoniopsis,NA,2
Camphorosma,NA,1
Campsis,NA,2
Camptolepis,NA,1
Campuloclinium,NA,1
Campylotropis,NA,1
Cananga,NA,1
Canarium,NA,3
Canavalia,NA,9
Canna,NA,4
Cannabis,NA,1
Canscora,NA,1
Caperonia,NA,2
Capillipedium,NA,2
Capnoides,NA,1
Capnophyllum,NA,1
Capparis,NA,1
Capraria,NA,1
Capsicum,NA,7
Caragana,NA,9
Cardiocrinum,NA,1
Cardionema,NA,1
Cardiospermum,NA,4
Carica,NA,2
Carissa,NA,2
Carludovica,NA,1
Carpentaria,NA,1
Carpesium,NA,2
Carphalea,NA,1
Carpobrotus,NA,7
Carrichtera,NA,1
Carum,NA,1
Caryota,NA,2
Cascabela,NA,1
Casearia,NA,1
Cassine,NA,1
Cassytha,NA,2
Castilla,NA,1
Casuarina,NA,7
Catabrosa,NA,1
Catalpa,NA,4
Catananche,NA,1
Catapodium,NA,2
Catha,NA,1
Catharanthus,NA,2
Catolobus,NA,1
Caucalis,NA,1
Cavanillesia,NA,2
Cayratia,NA,2
Cecropia,NA,6
Cedrela,NA,1
Cedronella,NA,1
Cedrus,NA,3
Ceiba,NA,3
Celastrus,NA,5
Celosia,NA,3
Celtis,NA,5
Centella,NA,2
Centipeda,NA,2
Centotheca,NA,1
Centratherum,NA,2
Centrolepis,NA,1
Centromadia,NA,1
Centrosema,NA,6
Centrostachys,NA,1
Cephalaria,NA,4
Ceratocapnos,NA,1
Ceratocarpus,NA,1
Ceratonia,NA,1
Ceratopetalum,NA,1
Ceratophyllum,NA,3
Ceratopteris,NA,3
Ceratostigma,NA,1
Cerbera,NA,2
Cercidiphyllum,NA,1
Cercis,NA,2
Cereus,NA,5
Cerinthe,NA,2
Ceriops,NA,1
Ceropegia,NA,1
Cestrum,NA,8
Chaenactis,NA,2
Chaenomeles,NA,3
Chaenorhinum,NA,2
Chaenostoma,NA,1
Chaerophyllum,NA,9
Chaetopappa,NA,1
Chaiturus,NA,1
Chamaecyparis,NA,3
Chamaecytisus,NA,4
Chamaedorea,NA,2
Chamaelirium,NA,1
Chamaemelum,NA,2
Chamaerhodos,NA,2
Chamaerops,NA,1
Chambeyronia,NA,1
Chamelaucium,NA,1
Chaptalia,NA,1
Chasmanthe,NA,3
Chasmanthium,NA,1
Cheirolophus,NA,1
Chelidonium,NA,1
Chelonanthus,NA,1
Chelone,NA,3
Chevreulia,NA,1
Chilopsis,NA,1
Chimaphila,NA,2
Chimonobambusa,NA,2
Chionanthus,NA,1
Chloracantha,NA,1
Chloranthus,NA,2
Chlorophytum,NA,2
Choisya,NA,1
Chondrilla,NA,1
Chorispora,NA,2
Chorizanthe,NA,1
Christia,NA,1
Christiana,NA,1
Chromolaena,NA,3
Chrozophora,NA,2
Chrysanthellum,NA,3
Chrysobalanus,NA,2
Chrysocoma,NA,1
Chrysogonum,NA,1
Chrysophyllum,NA,3
Chrysopogon,NA,5
Chrysothemis,NA,1
Chukrasia,NA,1
Cicendia,NA,2
Cicer,NA,1
Cichorium,NA,4
Cicuta,NA,3
Cineraria,NA,2
Cipura,NA,1
Cissampelopsis,NA,1
Cissampelos,NA,1
Cistanche,NA,1
Citrullus,NA,2
Cladanthus,NA,1
Cladium,NA,2
Cladoraphis,NA,1
Cladrastis,NA,1
Clarkia,NA,6
Clausena,NA,3
Claytonia,NA,4
Clematis,NA,27
Cleobulia,NA,1
Cleomella,NA,1
Cleretum,NA,3
Clerodendrum,NA,21
Cleyera,NA,1
Clianthus,NA,1
Clibadium,NA,2
Clidemia,NA,1
Clinacanthus,NA,1
Clitoria,NA,7
Clusia,NA,1
Clypeola,NA,1
Cnidium,NA,2
Cnidoscolus,NA,4
Cobaea,NA,1
Coccinia,NA,1
Coccocypselum,NA,1
Cocculus,NA,2
Cochlospermum,NA,2
Cocos,NA,1
Codariocalyx,NA,1
Codiaeum,NA,1
Coincya,NA,2
Coix,NA,1
Cola,NA,2
Colchicum,NA,1
Coleonema,NA,1
Coleostephus,NA,1
Collinsia,NA,2
Collomia,NA,3
Colocasia,NA,3
Colubrina,NA,1
Commelina,NA,14
Commiphora,NA,1
Condylocarpon,NA,1
Conicosia,NA,2
Conioselinum,NA,1
Conium,NA,1
Conocarpus,NA,2
Conoclinium,NA,1
Conopodium,NA,1
Conringia,NA,1
Convallaria,NA,1
Copaifera,NA,1
Corallocarpus,NA,1
Corchorus,NA,10
Cordia,NA,14
Corema,NA,1
Coreopsis,NA,11
Coriandrum,NA,1
Cornutia,NA,1
Coronilla,NA,4
Corrigiola,NA,1
Cortaderia,NA,3
Corynanthe,NA,1
Corynephorus,NA,2
Corynocarpus,NA,1
Cosmos,NA,4
Costus,NA,6
Cotinus,NA,2
Cotula,NA,8
Cotyledon,NA,2
Couroupita,NA,1
Craniolaria,NA,1
Crassocephalum,NA,2
Craterostigma,NA,1
Crateva,NA,2
Crepis,NA,24
Crescentia,NA,2
Crossandra,NA,1
Crossopetalum,NA,1
Crossostephium,NA,1
Crotalaria,NA,48
Croton,NA,19
Crucianella,NA,2
Crupina,NA,1
Cryptantha,NA,3
Cryptomeria,NA,1
Cryptostegia,NA,2
Cryptotaenia,NA,1
Ctenanthe,NA,1
Ctenium,NA,2
Cucumis,NA,10
Cullen,NA,3
Cuminum,NA,1
Cunninghamia,NA,1
Cupaniopsis,NA,1
Cuphea,NA,10
Cupressus,NA,9
Curcuma,NA,3
Cuscuta,NA,25
Cutandia,NA,1
Cyamopsis,NA,1
Cyanella,NA,1
Cyanotis,NA,3
Cyanthillium,NA,3
Cyathula,NA,3
Cyclanthera,NA,2
Cyclocarpa,NA,1
Cycloloma,NA,1
Cyclospermum,NA,1
Cydonia,NA,1
Cymbalaria,NA,3
Cymbopogon,NA,11
Cymophora,NA,1
Cynanchum,NA,4
Cynoglottis,NA,1
Cynometra,NA,1
Cynosurus,NA,3
Cyrilla,NA,1
Cyrtococcum,NA,2
Cyrtomium,NA,3
Cyrtosperma,NA,1
Cyrtostachys,NA,1
Cytisophyllum,NA,1
Daboecia,NA,1
Dacrycarpus,NA,1
Dactyliandra,NA,1
Dactylis,NA,1
Dactyloctenium,NA,7
Dahlia,NA,4
Dalbergia,NA,6
Dalea,NA,11
Dalechampia,NA,2
Danae,NA,1
Darlingtonia,NA,1
Darmera,NA,1
Darwinia,NA,1
Dasypyrum,NA,1
Datura,NA,8
Daucus,NA,8
Davallia,NA,1
Debregeasia,NA,1
Delairea,NA,1
Delarbrea,NA,1
Delilia,NA,1
Delonix,NA,1
Delosperma,NA,2
Dendrocalamus,NA,5
Dendrolobium,NA,1
Dendrosenecio,NA,1
Dennstaedtia,NA,1
Dentella,NA,2
Dermatophyllum,NA,1
Derris,NA,4
Deschampsia,NA,7
Descurainia,NA,5
Desmanthus,NA,6
Desmostachya,NA,1
Dianella,NA,2
Diaperia,NA,3
Diascia,NA,1
Dicentra,NA,3
Dichanthium,NA,5
Dichelachne,NA,3
Dichondra,NA,3
Dichorisandra,NA,2
Dichrocephala,NA,1
Dichrostachys,NA,2
Dicliptera,NA,2
Dicoma,NA,1
Dictamnus,NA,1
Didiplis,NA,1
Dieffenbachia,NA,1
Dierama,NA,2
Dieteria,NA,1
Dietes,NA,2
Digera,NA,1
Digitaria,NA,27
Dillenia,NA,2
Dimeria,NA,1
Dimocarpus,NA,1
Dimorphotheca,NA,5
Dinebra,NA,1
Dinetus,NA,1
Dioclea,NA,2
Diodia,NA,1
Dionaea,NA,1
Diplocyclos,NA,1
Dipogon,NA,1
Dischisma,NA,2
Discocactus,NA,1
Disocactus,NA,1
Disphyma,NA,2
Distichlis,NA,1
Ditaxis,NA,1
Dittrichia,NA,2
Dodartia,NA,1
Dodecastigma,NA,1
Dodonaea,NA,1
Doellingeria,NA,1
Dolichandra,NA,1
Dontostemon,NA,1
Dopatrium,NA,1
Dorstenia,NA,2
Doryanthes,NA,1
Dovyalis,NA,3
Dracaena,NA,15
Dracocephalum,NA,4
Dracunculus,NA,1
Drepanostachyum,NA,1
Drimiopsis,NA,1
Drosanthemum,NA,2
Drymaria,NA,4
Durio,NA,1
Dyckia,NA,1
Dypsis,NA,2
Dyschoriste,NA,3
Dysolobium,NA,1
Dyssodia,NA,2
Ecballium,NA,1
Eccremocarpus,NA,1
Echeandia,NA,1
Echinacea,NA,3
Echinochloa,NA,14
Echinocystis,NA,1
Echinodorus,NA,2
Echinops,NA,5
Echinospartum,NA,1
Eclipta,NA,1
Edgeworthia,NA,1
Ehretia,NA,2
Ehrharta,NA,8
Elaeis,NA,2
Elaeocarpus,NA,2
Elatine,NA,5
Elephantopus,NA,3
Elettaria,NA,1
Eleusine,NA,5
Eleutheranthera,NA,1
Eleutherine,NA,1
Eleutherococcus,NA,2
Ellisia,NA,1
Elodea,NA,4
Elsholtzia,NA,1
Elyhordeum,NA,1
Elytraria,NA,1
Embothrium,NA,1
Empetrum,NA,1
Encelia,NA,1
Encephalartos,NA,2
Enchylaena,NA,1
Engelmannia,NA,1
Enicostema,NA,1
Enneapogon,NA,2
Ensete,NA,1
Entada,NA,3
Enterolobium,NA,2
Enteropogon,NA,4
Entolasia,NA,1
Enydra,NA,2
Eomecon,NA,1
Epacris,NA,1
Epaltes,NA,1
Epiphyllum,NA,2
Epipremnum,NA,2
Episcia,NA,1
Eranthemum,NA,1
Eranthis,NA,1
Erechtites,NA,7
Eremochloa,NA,2
Eremogone,NA,3
Eremophila,NA,1
Eremopyrum,NA,3
Eria,NA,1
Erinus,NA,1
Eriocephalus,NA,1
Eriochloa,NA,12
Erioneuron,NA,1
Eriophyllum,NA,4
Eruca,NA,1
Erucaria,NA,1
Erucastrum,NA,4
Erythronium,NA,1
Erythrophleum,NA,1
Eschscholzia,NA,1
Escobaria,NA,1
Ethulia,NA,2
Etlingera,NA,2
Eubotrys,NA,1
Euchiton,NA,4
Euclasta,NA,1
Euclidium,NA,1
Eucomis,NA,1
Eucommia,NA,1
Eugenia,NA,5
Eulalia,NA,1
Euonymus,NA,11
Euryops,NA,4
Eustachys,NA,5
Eustoma,NA,2
Euterpe,NA,1
Euthamia,NA,1
Eutrema,NA,1
Eutrochium,NA,2
Evolvulus,NA,7
Exacum,NA,2
Excoecaria,NA,1
Exomis,NA,1
Facelis,NA,1
Fagopyrum,NA,3
Faidherbia,NA,1
Falcaria,NA,1
Falcataria,NA,1
Farfugium,NA,1
Fargesia,NA,1
Farsetia,NA,1
Fascicularia,NA,1
Fatoua,NA,1
Fatsia,NA,1
Felicia,NA,3
Ferraria,NA,1
Ferula,NA,1
Festulolium,NA,3
Fibigia,NA,1
Ficus,NA,26
Filicium,NA,1
Fingerhuthia,NA,1
Firmiana,NA,1
Fitchia,NA,1
Flacourtia,NA,4
Flaveria,NA,5
Fleischmannia,NA,1
Flemingia,NA,2
Flindersia,NA,1
Florestina,NA,1
Flueggea,NA,4
Foeniculum,NA,1
Fontanesia,NA,2
Forchhammeria,NA,1
Forestiera,NA,1
Francoa,NA,1
Frankenia,NA,3
Frasera,NA,2
Freesia,NA,4
Fridericia,NA,1
Froelichia,NA,2
Fuirena,NA,5
Funtumia,NA,2
Furcraea,NA,5
Gahnia,NA,2
Gaillardia,NA,4
Galax,NA,1
Galega,NA,2
Galinsoga,NA,2
Galphimia,NA,2
Gamochaeta,NA,6
Garcia,NA,1
Gardenia,NA,3
Garnotia,NA,1
Gastridium,NA,2
Gaudinia,NA,1
Gazania,NA,2
Geissorhiza,NA,1
Geitonoplesium,NA,1
Gelsemium,NA,1
Geranium,NA,45
Gerbera,NA,2
Geropogon,NA,1
Gibasis,NA,2
Gigantochloa,NA,5
Gilia,NA,8
Ginkgo,NA,1
Gisekia,NA,1
Glaucium,NA,2
Glebionis,NA,2
Glinus,NA,4
Gliricidia,NA,1
Glochidion,NA,1
Gloriosa,NA,1
Glossocardia,NA,1
Glossostigma,NA,1
Gloxinia,NA,1
Glycine,NA,4
Glycosmis,NA,1
Glycyrrhiza,NA,2
Gmelina,NA,4
Gnaphalium,NA,15
Gnidia,NA,2
Goldbachia,NA,1
Gomphocarpus,NA,3
Gomphrena,NA,4
Gonatopus,NA,1
Goniolimon,NA,1
Gonocarpus,NA,2
Gonolobus,NA,1
Goodenia,NA,1
Goodia,NA,1
Gorteria,NA,1
Gossypium,NA,5
Gouania,NA,2
Grammatotheca,NA,1
Grangea,NA,1
Graptophyllum,NA,1
Gratiola,NA,4
Grewia,NA,3
Grias,NA,1
Grindelia,NA,4
Griselinia,NA,1
Groenlandia,NA,1
Guadua,NA,3
Guaiacum,NA,1
Guazuma,NA,1
Guilleminea,NA,1
Guizotia,NA,1
Gutierrezia,NA,2
Gymnanthemum,NA,1
Gymnema,NA,1
Gymnocladus,NA,1
Gymnocoronis,NA,1
Gynerium,NA,1
Gynura,NA,3
Habenaria,NA,2
Hackelia,NA,4
Hackelochloa,NA,1
Haematoxylum,NA,1
Hainardia,NA,1
Hakea,NA,5
Halerpestes,NA,1
Halesia,NA,2
Halleria,NA,1
Halodule,NA,1
Halogeton,NA,1
Halophila,NA,2
Haloragis,NA,2
Hamamelis,NA,1
Hamelia,NA,1
Handroanthus,NA,4
Haplocarpha,NA,1
Hardenbergia,NA,1
Harpachne,NA,1
Harpephyllum,NA,1
Harpullia,NA,2
Harrisia,NA,5
Harungana,NA,1
Hasteola,NA,1
Haworthia,NA,1
Hebenstretia,NA,1
Hebestigma,NA,1
Hedeoma,NA,2
Hedyotis,NA,1
Hedypnois,NA,1
Heimia,NA,2
Helanthium,NA,1
Helenium,NA,8
Heliocarpus,NA,1
Heliomeris,NA,2
Heliophila,NA,2
Heliopsis,NA,2
Heliotropium,NA,14
Hellenia,NA,1
Helminthotheca,NA,1
Hemarthria,NA,2
Hemigraphis,NA,2
Hemizonia,NA,2
Herbertia,NA,1
Herissantia,NA,1
Heritiera,NA,1
Hermbstaedtia,NA,1
Hesperantha,NA,2
Hesperis,NA,6
Heteranthemis,NA,1
Heteranthera,NA,5
Heterocentron,NA,3
Heteropogon,NA,3
Heterosperma,NA,1
Heterotheca,NA,7
Heterotis,NA,2
Hevea,NA,1
Hexasepalum,NA,4
Hilaria,NA,1
Hilleria,NA,1
Himalayacalamus,NA,1
Hippeastrum,NA,6
Hippobroma,NA,1
Hippocrepis,NA,3
Hippuris,NA,1
Hiptage,NA,1
Hiraea,NA,1
Hirschfeldia,NA,1
Holmskioldia,NA,1
Holodiscus,NA,1
Holosteum,NA,1
Homalanthus,NA,2
Homolepis,NA,1
Honckenya,NA,1
Hoppea,NA,1
Hornungia,NA,1
Horsfordia,NA,1
Hottonia,NA,1
Houstonia,NA,2
Houttuynia,NA,1
Hovea,NA,2
Hovenia,NA,1
Howea,NA,2
Humulus,NA,2
Hunnemannia,NA,1
Hura,NA,1
Hyacinthus,NA,1
Hybanthus,NA,3
Hydnocarpus,NA,1
Hydrilla,NA,1
Hydrocera,NA,1
Hydrocharis,NA,4
Hydrocleys,NA,1
Hydrolea,NA,4
Hygrophila,NA,4
Hylomecon,NA,1
Hymenachne,NA,1
Hymenaea,NA,2
Hymenocallis,NA,2
Hymenothrix,NA,1
Hymenoxys,NA,2
Hyophorbe,NA,2
Hyoscyamus,NA,2
Hyparrhenia,NA,6
Hypecoum,NA,2
Hyperthelia,NA,1
Hypochaeris,NA,4
Hypoestes,NA,3
Hypoxis,NA,2
Hyptis,NA,11
Hyssopus,NA,1
Iberis,NA,8
Ibicella,NA,1
Idesia,NA,1
Illecebrum,NA,1
Imperata,NA,3
Indigofera,NA,33
Indocalamus,NA,1
Inocarpus,NA,1
Iochroma,NA,2
Ipheion,NA,1
Ipomopsis,NA,2
Iresine,NA,3
Isachne,NA,2
Isatis,NA,3
Ischaemum,NA,7
Ismelia,NA,1
Isocarpha,NA,1
Isolepis,NA,11
Isopyrum,NA,1
Isotoma,NA,1
Iva,NA,4
Ixia,NA,7
Ixophorus,NA,1
Ixora,NA,8
Jaborosa,NA,1
Jacaranda,NA,2
Jacquemontia,NA,1
Jacquinia,NA,1
Jaegeria,NA,1
Jaltomata,NA,1
Jasione,NA,1
Justicia,NA,13
Kadenia,NA,1
Kaempferia,NA,2
Kallstroemia,NA,4
Kalmia,NA,3
Kalopanax,NA,1
Kennedia,NA,2
Kerria,NA,1
Khaya,NA,3
Kigelia,NA,1
Kleinhovia,NA,1
Kleinia,NA,3
Koelreuteria,NA,4
Kohautia,NA,1
Kopsia,NA,1
Krapovickasia,NA,1
Krigia,NA,5
Kummerowia,NA,2
Kundmannia,NA,1
Lablab,NA,2
Lachenalia,NA,4
Lactuca,NA,19
Laennecia,NA,2
Lagarosiphon,NA,1
Lagascea,NA,1
Lagenaria,NA,2
Lagenophora,NA,1
Lagerstroemia,NA,3
Laggera,NA,2
Lagoecia,NA,1
Lagopsis,NA,1
Lagunaria,NA,1
Laguncularia,NA,1
Lagurus,NA,1
Lallemantia,NA,2
Lamarckia,NA,1
Lampranthus,NA,9
Lamprocapnos,NA,1
Lannea,NA,1
Lansium,NA,1
Lapeirousia,NA,1
Laportea,NA,3
Lappula,NA,7
Lapsana,NA,2
Lapsanastrum,NA,1
Lardizabala,NA,1
Laser,NA,1
Laserpitium,NA,2
Lasiacis,NA,1
Lasiospermum,NA,1
Lasthenia,NA,2
Latania,NA,1
Lathraea,NA,1
Launaea,NA,3
Laurus,NA,1
Lawsonia,NA,1
Layia,NA,1
Ledebouria,NA,1
Leea,NA,2
Leersia,NA,2
Legousia,NA,2
Lemna,NA,9
Lennea,NA,1
Leonotis,NA,3
Leonurus,NA,6
Leopoldia,NA,1
Lepechinia,NA,1
Lepidagathis,NA,1
Lepidium,NA,40
Lepironia,NA,1
Leptinella,NA,1
Leptochloa,NA,13
Leptopyrum,NA,1
Leptosiphon,NA,1
Leptospermum,NA,7
Lepyrodiclis,NA,1
Lessertia,NA,1
Leucadendron,NA,1
Leucanthemella,NA,1
Leucanthemopsis,NA,1
Leucas,NA,7
Leucojum,NA,3
Leucophyllum,NA,1
Leucophysalis,NA,1
Leucospora,NA,1
Leucothoe,NA,2
Levisticum,NA,1
Leycesteria,NA,1
Libertia,NA,1
Licuala,NA,1
Ligusticum,NA,3
Ligustrum,NA,12
Lilaeopsis,NA,2
Limnanthes,NA,1
Limnocharis,NA,2
Limnodea,NA,1
Limoniastrum,NA,1
Limosella,NA,2
Linanthus,NA,2
Lindera,NA,1
Lindernia,NA,8
Linnaea,NA,3
Linum,NA,18
Linzia,NA,1
Lippia,NA,2
Liquidambar,NA,1
Liriodendron,NA,2
Liriope,NA,3
Lisaea,NA,1
Litchi,NA,1
Lithodora,NA,1
Lithospermum,NA,3
Lithraea,NA,1
Litsea,NA,2
Livistona,NA,2
Lobularia,NA,1
Logfia,NA,1
Lomelosia,NA,1
Lonchocarpus,NA,3
Lophospermum,NA,1
Lophostemon,NA,1
Loropetalum,NA,1
Lotononis,NA,1
Luffa,NA,2
Luma,NA,1
Lunaria,NA,2
Luziola,NA,2
Lycianthes,NA,3
Lygodesmia,NA,2
Lysichiton,NA,2
Lysiloma,NA,2
Lythrum,NA,11
Maackia,NA,1
Macadamia,NA,3
Macaranga,NA,2
Machaeranthera,NA,1
Mackaya,NA,1
Macleaya,NA,1
Maclura,NA,2
Macropharynx,NA,1
Macroptilium,NA,3
Macrotyloma,NA,5
Madia,NA,3
Maesa,NA,1
Maesopsis,NA,1
Maireana,NA,1
Majidea,NA,1
Malachra,NA,4
Malephora,NA,1
Mallotus,NA,1
Malope,NA,2
Malpighia,NA,2
Malvastrum,NA,4
Malvaviscus,NA,2
Malvella,NA,2
Mammea,NA,1
Mandevilla,NA,1
Mangifera,NA,2
Manihot,NA,4
Manilkara,NA,2
Mansoa,NA,2
Maranta,NA,1
Margyricarpus,NA,1
Markhamia,NA,1
Marsilea,NA,7
Marsypianthes,NA,1
Martynia,NA,1
Mascarenhasia,NA,1
Matricaria,NA,4
Matthiola,NA,5
Maurandya,NA,3
Mauranthemum,NA,1
Mayaca,NA,1
Maytenus,NA,3
Mazus,NA,2
Mecardonia,NA,1
Medinilla,NA,1
Megaskepasma,NA,1
Melampodium,NA,5
Melanthera,NA,5
Melia,NA,1
Melianthus,NA,2
Melicoccus,NA,1
Melinis,NA,2
Melissa,NA,1
Melocanna,NA,1
Melochia,NA,7
Melothria,NA,1
Memecylon,NA,1
Menispermum,NA,1
Mentzelia,NA,4
Menyanthes,NA,1
Merremia,NA,28
Mertensia,NA,2
Mesembryanthemum,NA,8
Metasequoia,NA,1
Metroxylon,NA,1
Meum,NA,1
Mibora,NA,1
Miconia,NA,3
Microchloa,NA,2
Micrococca,NA,1
Micropsis,NA,2
Microseris,NA,3
Microsorum,NA,3
Microstachys,NA,2
Microstegium,NA,3
Microsteris,NA,1
Mikania,NA,4
Milium,NA,2
Millettia,NA,2
Millingtonia,NA,1
Mimosa,NA,19
Mimulus,NA,7
Mimusops,NA,3
Minuartia,NA,4
Misopates,NA,1
Mitracarpus,NA,1
Mitreola,NA,1
Mnesithea,NA,1
Modiola,NA,1
Moenchia,NA,1
Molinia,NA,1
Mollugo,NA,5
Molopospermum,NA,1
Moluccella,NA,2
Momordica,NA,3
Monopsis,NA,1
Monstera,NA,1
Montanoa,NA,2
Montia,NA,5
Moraea,NA,15
Moricandia,NA,1
Morinda,NA,2
Moringa,NA,1
Morisonia,NA,1
Morus,NA,5
Mosla,NA,1
Mucuna,NA,6
Muehlenbeckia,NA,3
Muntingia,NA,1
Muraltia,NA,1
Murdannia,NA,6
Murraya,NA,2
Musanga,NA,1
Muscari,NA,4
Mussaenda,NA,2
Myagrum,NA,1
Myoporum,NA,2
Myrica,NA,5
Myricaria,NA,1
Myriophyllum,NA,8
Myristica,NA,1
Myrosma,NA,1
Myroxylon,NA,2
Myrrhis,NA,1
Myrtillocactus,NA,1
Myrtus,NA,1
Najas,NA,8
Nama,NA,2
Nandina,NA,1
Napaea,NA,1
Nardus,NA,1
Nassella,NA,12
Neatostema,NA,1
Nelsonia,NA,1
Nelumbo,NA,2
Nemastylis,NA,1
Nemesia,NA,2
Nemophila,NA,5
Neogaerrhinum,NA,1
Neojeffreya,NA,1
Neolamarckia,NA,1
Neololeba,NA,1
Neonotonia,NA,1
Neotorularia,NA,2
Nephelium,NA,1
Neptunia,NA,4
Nerium,NA,1
Nertera,NA,1
Neslia,NA,1
Neuontobotrys,NA,1
Neurada,NA,1
Neurolaena,NA,1
Neyraudia,NA,1
Nicandra,NA,1
Nicotiana,NA,15
Nierembergia,NA,4
Nigella,NA,4
Nipponanthemum,NA,1
Noltea,NA,1
Noronhia,NA,1
Nothosaerva,NA,1
Notobasis,NA,1
Nuttallanthus,NA,2
Nypa,NA,1
Ochagavia,NA,1
Ochna,NA,4
Ochroma,NA,1
Ochrosia,NA,1
Ocotea,NA,1
Odontonema,NA,3
Oeceoclades,NA,1
Oemleria,NA,1
Oenanthe,NA,6
Ohwia,NA,1
Oldenlandia,NA,13
Oldenlandiopsis,NA,1
Olea,NA,2
Olimarabidopsis,NA,1
Olyra,NA,1
Omphalodes,NA,2
Oncosiphon,NA,3
Onoclea,NA,2
Operculina,NA,2
Ophiopogon,NA,1
Ophiuros,NA,1
Oplismenus,NA,4
Orbea,NA,1
Oreocarya,NA,1
Orlaya,NA,1
Orobanche,NA,13
Orontium,NA,1
Orthilia,NA,1
Orthocarpus,NA,2
Orthosiphon,NA,1
Orthrosanthus,NA,1
Orychophragmus,NA,1
Oryza,NA,2
Oryzopsis,NA,1
Osmanthus,NA,1
Ossaea,NA,1
Osteospermum,NA,8
Otholobium,NA,1
Othonna,NA,1
Ottelia,NA,2
Oxalis,NA,46
Oxydendrum,NA,1
Oxygonum,NA,2
Oxypetalum,NA,1
Oxypolis,NA,1
Oxyrhynchus,NA,1
Oxyspora,NA,1
Ozothamnus,NA,1
Pachira,NA,3
Pachyrhizus,NA,2
Pachysandra,NA,2
Pachystachys,NA,1
Paederia,NA,2
Palafoxia,NA,2
Palisota,NA,1
Paliurus,NA,1
Pallenis,NA,1
Pancratium,NA,2
Pandanus,NA,12
Pandorea,NA,2
Panphalea,NA,1
Pappobolus,NA,1
Pappophorum,NA,3
Parapholis,NA,2
Paraserianthes,NA,2
Parentucellia,NA,2
Parietaria,NA,5
Parinari,NA,1
Parkia,NA,1
Parmentiera,NA,2
Parnassia,NA,2
Parochetus,NA,1
Paronychia,NA,6
Parthenium,NA,3
Parthenocissus,NA,3
Pascalia,NA,1
Paspalum,NA,46
Passerina,NA,1
Pastinaca,NA,2
Patellifolia,NA,1
Paullinia,NA,3
Pavonia,NA,3
Paxistima,NA,1
Pedalium,NA,1
Peganum,NA,1
Pellionia,NA,1
Peltandra,NA,1
Peltaria,NA,1
Peltophorum,NA,2
Pentadesma,NA,1
Pentaglottis,NA,1
Pentameris,NA,2
Pentapetes,NA,1
Pentapogon,NA,1
Pentas,NA,2
Penthorum,NA,1
Pentodon,NA,1
Pentzia,NA,2
Pera,NA,1
Pereskia,NA,3
Perezia,NA,1
Periballia,NA,2
Perilla,NA,2
Periploca,NA,2
Perityle,NA,2
Perotis,NA,2
Persea,NA,2
Petitia,NA,1
Petiveria,NA,1
Petrea,NA,1
Petrorhagia,NA,4
Petroselinum,NA,1
Petunia,NA,3
Peucedanum,NA,3
Phacelia,NA,14
Phaius,NA,1
Phaleria,NA,1
Phanera,NA,1
Phaulopsis,NA,2
Phegopteris,NA,1
Phellodendron,NA,3
Phenax,NA,1
Philadelphus,NA,8
Phillyrea,NA,1
Philodendron,NA,9
Phlebodium,NA,1
Phlomoides,NA,1
Phoenix,NA,4
Pholiurus,NA,1
Phormium,NA,2
Phragmites,NA,2
Phryma,NA,1
Phuopsis,NA,1
Phycella,NA,1
Phygelius,NA,1
Phyllopodium,NA,1
Phyllostachys,NA,13
Physaria,NA,2
Physocarpus,NA,6
Physostegia,NA,4
Phytolacca,NA,10
Picnomon,NA,1
Picris,NA,6
Pieris,NA,2
Pilea,NA,8
Pimenta,NA,2
Pinanga,NA,1
Pinellia,NA,1
Piper,NA,10
Piptatherum,NA,2
Piptochaetium,NA,6
Pipturus,NA,1
Piriqueta,NA,1
Piscidia,NA,1
Pistia,NA,1
Pityopsis,NA,1
Plagianthus,NA,1
Plagiobothrys,NA,8
Planodes,NA,1
Platanus,NA,3
Platostoma,NA,1
Platycapnos,NA,1
Platycladus,NA,1
Platycodon,NA,1
Plecostachys,NA,1
Plectranthus,NA,20
Pleioblastus,NA,5
Pleiostachya,NA,1
Pleurothyrium,NA,1
Pluchea,NA,10
Plumbago,NA,3
Podachaenium,NA,1
Podalyria,NA,1
Podophyllum,NA,2
Podranea,NA,1
Pogonarthria,NA,1
Pogonatherum,NA,1
Pogostemon,NA,3
Polyalthia,NA,2
Polycarena,NA,1
Polycarpaea,NA,2
Polycarpon,NA,4
Polycnemum,NA,3
Polypremum,NA,1
Polyscias,NA,6
Polysphaeria,NA,1
Polytrias,NA,1
Pomaria,NA,1
Pongamia,NA,1
Pontederia,NA,8
Porana,NA,1
Poranopsis,NA,1
Porophyllum,NA,2
Portulaca,NA,12
Portulacaria,NA,1
Posidonia,NA,1
Posoqueria,NA,1
Pouteria,NA,3
Pouzolzia,NA,1
Praxelis,NA,1
Premna,NA,2
Prenanthes,NA,1
Priva,NA,1
Proboscidea,NA,2
Proiphys,NA,1
Prostanthera,NA,1
Protea,NA,2
Psathyrostachys,NA,1
Psephellus,NA,1
Pseudabutilon,NA,1
Pseudanamomis,NA,1
Pseudarthria,NA,1
Pseudechinolaena,NA,1
Pseudelephantopus,NA,1
Pseuderanthemum,NA,3
Pseudofumaria,NA,2
Pseudognaphalium,NA,5
Pseudogynoxys,NA,1
Pseudomuscari,NA,1
Pseudomussaenda,NA,1
Pseudosasa,NA,4
Pseudotsuga,NA,2
Psophocarpus,NA,2
Psoralea,NA,5
Psychotria,NA,3
Ptelea,NA,1
Pteridium,NA,1
Pterocarpus,NA,4
Pterocarya,NA,1
Pterocaulon,NA,1
Pterolepis,NA,1
Ptychosperma,NA,2
Pueraria,NA,5
Pulicaria,NA,4
Pultenaea,NA,1
Punica,NA,1
Pupalia,NA,3
Purshia,NA,2
Puschkinia,NA,2
Pycnanthemum,NA,4
Pycnostachys,NA,1
Pyracantha,NA,7
Pyrostegia,NA,1
Pyrrhopappus,NA,2
Pyrularia,NA,1
Quassia,NA,1
Radermachera,NA,1
Radiola,NA,1
Raphanus,NA,4
Raphia,NA,1
Rapistrum,NA,2
Ratibida,NA,4
Ravenala,NA,1
Rehmannia,NA,1
Reineckea,NA,1
Reinwardtia,NA,1
Retama,NA,3
Reutealis,NA,1
Rhagadiolus,NA,1
Rhaphiolepis,NA,4
Rhapis,NA,2
Rhexia,NA,1
Rhinacanthus,NA,1
Rhipsalis,NA,1
Rhodanthe,NA,1
Rhodomyrtus,NA,1
Rhodotypos,NA,1
Rhopalephora,NA,1
Rhynchosia,NA,7
Richardia,NA,6
Ricinus,NA,1
Ridolfia,NA,1
Rivina,NA,1
Rochelia,NA,1
Rodgersia,NA,1
Roella,NA,1
Rolandra,NA,1
Roldana,NA,1
Romneya,NA,2
Rosenbergiodendron,NA,1
Roseodendron,NA,1
Rostraria,NA,3
Rotala,NA,6
Rotheca,NA,3
Rothia,NA,1
Rothmannia,NA,1
Rottboellia,NA,3
Rousselia,NA,1
Roystonea,NA,2
Rubia,NA,2
Rudbeckia,NA,16
Rudgea,NA,1
Ruellia,NA,12
Rumohra,NA,1
Rungia,NA,1
Ruppia,NA,1
Ruschia,NA,3
Russelia,NA,2
Ruta,NA,4
Rytidosperma,NA,11
Sabatia,NA,2
Sacciolepis,NA,3
Sageretia,NA,1
Salmea,NA,1
Salpichroa,NA,1
Salpiglossis,NA,1
Salvadora,NA,1
Salvinia,NA,4
Samolus,NA,2
Sanchezia,NA,2
Sandoricum,NA,1
Sanicula,NA,3
Sannantha,NA,1
Santalum,NA,1
Santolina,NA,2
Sanvitalia,NA,2
Sapindus,NA,3
Sapium,NA,2
Saponaria,NA,4
Saribus,NA,1
Sasa,NA,3
Sauromatum,NA,1
Saururus,NA,1
Sauvagesia,NA,1
Scadoxus,NA,1
Scandix,NA,1
Schefflera,NA,6
Schenkia,NA,1
Schinus,NA,5
Schisandra,NA,1
Schismus,NA,2
Schizachyrium,NA,5
Schizanthus,NA,1
Schizolobium,NA,1
Schizopepon,NA,1
Schizostachyum,NA,2
Schkuhria,NA,2
Schlagintweitia,NA,2
Schleichera,NA,1
Schmidtia,NA,1
Schotia,NA,1
Schwenckia,NA,1
Scilla,NA,14
Scirpoides,NA,1
Scleria,NA,3
Sclerocarpus,NA,1
Sclerochloa,NA,1
Sclerophylax,NA,1
Scolochloa,NA,1
Scolopia,NA,1
Scoparia,NA,2
Scopolia,NA,1
Scorpiurus,NA,1
Scorzonera,NA,4
Searsia,NA,1
Sebaea,NA,2
Secale,NA,3
Securigera,NA,4
Seemannia,NA,1
Selago,NA,2
Selenicereus,NA,8
Selinum,NA,1
Semiaquilegia,NA,1
Semiarundinaria,NA,1
Sequoia,NA,1
Sequoiadendron,NA,1
Sericocarpus,NA,1
Serissa,NA,1
Serjania,NA,1
Sesamoides,NA,1
Sesamum,NA,5
Sesbania,NA,13
Sesuvium,NA,4
Setaria,NA,25
Shepherdia,NA,1
Sherardia,NA,1
Shibataea,NA,1
Shinnersia,NA,1
Shortia,NA,1
Sibbaldianthe,NA,1
Sibthorpia,NA,1
Sicana,NA,1
Sicyos,NA,3
Sida,NA,19
Sidalcea,NA,3
Sidastrum,NA,2
Sideroxylon,NA,2
Sigesbeckia,NA,4
Silphium,NA,9
Silybum,NA,1
Simaba,NA,1
Sinacalia,NA,1
Sinapis,NA,4
Sindora,NA,1
Sinobambusa,NA,1
Sison,NA,1
Sisymbrella,NA,1
Sisymbrium,NA,15
Sisyrinchium,NA,18
Sium,NA,3
Smallanthus,NA,1
Smilax,NA,5
Smithia,NA,1
Smyrnium,NA,2
Solandra,NA,2
Soleirolia,NA,1
Solenogyne,NA,2
Solenopsis,NA,1
Soliva,NA,4
Sophora,NA,4
Sorbaria,NA,3
Sorghastrum,NA,2
Sorindeia,NA,1
Soymida,NA,1
Sparaxis,NA,6
Spartium,NA,1
Spathiphyllum,NA,1
Spathodea,NA,1
Spergula,NA,4
Spermacoce,NA,15
Spermolepis,NA,3
Sphaeralcea,NA,4
Sphaeranthus,NA,1
Sphaerophysa,NA,1
Sphaeropteris,NA,1
Sphallerocarpus,NA,1
Sphenoclea,NA,1
Sphenodesme,NA,1
Sphenopus,NA,1
Spigelia,NA,1
Spilanthes,NA,3
Spinacia,NA,2
Spirodela,NA,3
Spondias,NA,3
Staphylea,NA,1
Steinchisma,NA,2
Stemodia,NA,4
Stenanthium,NA,1
Stenocarpus,NA,1
Stenocereus,NA,1
Stenochlaena,NA,1
Stenotaphrum,NA,3
Stephanomeria,NA,1
Sterculia,NA,2
Stereospermum,NA,1
Sternbergia,NA,1
Stevia,NA,3
Stictocardia,NA,1
Stigmaphyllon,NA,2
Stipagrostis,NA,2
Stokesia,NA,1
Stratiotes,NA,1
Strelitzia,NA,2
Streptocarpus,NA,1
Streptosolen,NA,1
Striga,NA,5
Strobilanthes,NA,4
Stromanthe,NA,1
Strophanthus,NA,1
Strophostyles,NA,2
Struchium,NA,1
Strychnos,NA,2
Stuartina,NA,2
Stylophorum,NA,1
Stylosanthes,NA,7
Styphnolobium,NA,1
Styrax,NA,2
Succisa,NA,1
Succisella,NA,1
Succowia,NA,1
Symphoricarpos,NA,4
Symplocos,NA,1
Syncarpia,NA,1
Synedrella,NA,1
Synedrellopsis,NA,1
Syngonium,NA,3
Syringa,NA,12
Tabernaemontana,NA,4
Tacca,NA,1
Tadehagi,NA,2
Taeniatherum,NA,1
Tagetes,NA,7
Talinum,NA,2
Tamarindus,NA,1
Tanacetum,NA,10
Tarlmounia,NA,1
Taxandria,NA,3
Taxodium,NA,2
Taxus,NA,2
Tecoma,NA,6
Tecomella,NA,1
Tectona,NA,1
Teesdalia,NA,2
Telekia,NA,1
Telipogon,NA,1
Tellima,NA,1
Teramnus,NA,2
Tetraclinis,NA,1
Tetradenia,NA,1
Tetradium,NA,2
Tetragonia,NA,5
Tetraneuris,NA,1
Tetrapanax,NA,1
Tetrapteron,NA,1
Tetrastigma,NA,1
Tetrazygia,NA,1
Thalia,NA,2
Thamnocalamus,NA,1
Thapsia,NA,1
Thelepogon,NA,1
Thelesperma,NA,1
Themeda,NA,6
Theobroma,NA,1
Thermopsis,NA,4
Thesium,NA,1
Thespesia,NA,1
Thevetia,NA,1
Thladiantha,NA,1
Thlaspi,NA,7
Thuarea,NA,1
Thuja,NA,2
Thunbergia,NA,8
Thymophylla,NA,3
Thysanolaena,NA,1
Tiarella,NA,1
Tibouchina,NA,4
Tidestromia,NA,1
Tigridia,NA,1
Tilesia,NA,1
Tinantia,NA,1
Tinospora,NA,1
Tipuana,NA,1
Tiquilia,NA,1
Tithonia,NA,3
Tolmiea,NA,1
Toona,NA,2
Tordylium,NA,2
Torenia,NA,4
Torilis,NA,6
Torreya,NA,1
Tournefortia,NA,2
Trachelospermum,NA,2
Trachyandra,NA,1
Trachycarpus,NA,1
Trachypogon,NA,1
Trachyspermum,NA,1
Trachystemon,NA,1
Tragus,NA,5
Trapa,NA,2
Trema,NA,3
Trembleya,NA,1
Triadica,NA,1
Trianoptiles,NA,1
Triantha,NA,1
Trianthema,NA,2
Tribolium,NA,4
Tribulus,NA,3
Trichodesma,NA,2
Trichoneura,NA,1
Trichosanthes,NA,2
Tricyrtis,NA,2
Tridax,NA,1
Triglochin,NA,4
Trigonotis,NA,1
Trimezia,NA,4
Triodanis,NA,4
Triphasia,NA,1
Triphysaria,NA,1
Triplaris,NA,3
Triplasis,NA,1
Tripleurospermum,NA,5
Tripolium,NA,1
Tripsacum,NA,5
Triraphis,NA,2
Trisetaria,NA,1
Trisetum,NA,4
Tristagma,NA,1
Tristellateia,NA,1
Tristemma,NA,1
Tristerix,NA,1
Tritonia,NA,3
Triumfetta,NA,7
Tropidocarpum,NA,1
Tulbaghia,NA,1
Turgenia,NA,1
Turnera,NA,3
Turritis,NA,1
Tussilago,NA,1
Tynanthus,NA,1
Typhonium,NA,4
Typhonodorum,NA,1
Ugni,NA,1
Umbellularia,NA,1
Umbilicus,NA,1
Uncaria,NA,1
Uniola,NA,1
Uraria,NA,2
Urena,NA,3
Urochloa,NA,31
Urochondra,NA,1
Urospermum,NA,2
Ursinia,NA,2
Utricularia,NA,8
Valantia,NA,1
Valerianella,NA,13
Vallaris,NA,1
Vallisneria,NA,4
Vangueria,NA,1
Vanilla,NA,2
Vellereophyton,NA,1
Vellosiella,NA,1
Ventenata,NA,1
Verbesina,NA,5
Vernicia,NA,3
Vernoniastrum,NA,1
Veronicastrum,NA,1
Vestia,NA,1
Viburnum,NA,22
Vigna,NA,26
Viguiera,NA,1
Vinca,NA,4
Viscum,NA,1
Vitex,NA,7
Vittadinia,NA,5
Vittaria,NA,1
Volkameria,NA,4
Volutaria,NA,1
Wachendorfia,NA,1
Wahlenbergia,NA,6
Waldsteinia,NA,2
Waltheria,NA,1
Washingtonia,NA,2
Wedelia,NA,5
Westringia,NA,2
Wigandia,NA,1
Wissadula,NA,3
Wisteria,NA,3
Withania,NA,1
Wolffia,NA,3
Wolffiella,NA,2
Wollastonia,NA,1
Wrightia,NA,1
Xanthisma,NA,3
Xanthium,NA,10
Xanthorhiza,NA,1
Xanthosoma,NA,4
Xantolis,NA,1
Xeranthemum,NA,1
Xerochrysum,NA,2
Ximenia,NA,1
Xiphidium,NA,1
Xylosma,NA,1
Xyris,NA,4
Youngia,NA,1
Yushania,NA,1
Zaleya,NA,1
Zaluzianskya,NA,1
Zantedeschia,NA,2
Zanthoxylum,NA,1
Zapoteca,NA,1
Zea,NA,4
Zehneria,NA,1
Zelkova,NA,2
Zeltnera,NA,2
Zephyranthes,NA,14
Zeuxine,NA,1
Zingiber,NA,5
Zinnia,NA,5
Zizania,NA,4
Ziziphus,NA,2
Zornia,NA,6
Zostera,NA,2
Zygophyllum,NA,2
